id,word
0,abandoned
1,abated
2,abby
3,abc
4,abilities
5,ability
6,able
7,abound
8,abruptly
9,academic
10,academics
11,acbsp
12,accelerate
13,accelerated
14,accept
15,acceptable
16,accepted
17,accepting
18,access
19,accessible
20,accidents
21,accommodate
22,accomplish
23,accomplished
24,according
25,accordingly
26,account
27,accountability
28,accounting
29,accreditation
30,accuracy
31,accurate
32,accurately
33,achieve
34,achieved
35,achievement
36,achieves
37,achieving
38,acknowledged
39,acquire
40,acquired
41,acquires
42,acquiring
43,acquisition
44,acquisitions
45,across
46,act
47,acting
48,action
49,actions
50,activities
51,activity
52,actors
53,acts
54,actual
55,actually
56,acumen
57,ada
58,adapt
59,adaptability
60,adaptable
61,adaptation
62,adapting
63,adaption
64,adaptive
65,adapts
66,add
67,added
68,adding
69,addition
70,additional
71,additionally
72,additive
73,address
74,addressed
75,addressing
76,adds
77,adept
78,adequate
79,adequately
80,adhere
81,adhered
82,adherence
83,adjust
84,adjusted
85,adjustment
86,administration
87,administrative
88,adopt
89,adopted
90,adopting
91,adoption
92,adult
93,advance
94,advanced
95,advancement
96,advancements
97,advances
98,advancing
99,advantage
100,advantages
101,advertise
102,advises
103,advocate
104,aerospace
105,affect
106,affecting
107,affects
108,african
109,aftermarket
110,age
111,agency
112,agenda
113,agent
114,agents
115,agile
116,agility
117,ago
118,agreements
119,agriculture
120,ahead
121,ai
122,aim
123,aimed
124,aiming
125,aims
126,air
127,al
128,alexander
129,algorithms
130,align
131,aligned
132,aligning
133,alignment
134,aligns
135,alike
136,allen
137,alliance
138,alliances
139,allocating
140,allocation
141,allocations
142,allow
143,allowing
144,allows
145,alone
146,along
147,already
148,also
149,altered
150,alternative
151,alternatives
152,although
153,always
154,amazon
155,ambitious
156,amenities
157,america
158,american
159,amid
160,among
161,amount
162,amu
163,analyse
164,analysis
165,analyst
166,analysts
167,analytical
168,analytics
169,analyze
170,analyzed
171,analyzing
172,ancient
173,andrew
174,announced
175,annual
176,anomalies
177,another
178,answer
179,anti
180,anticipate
181,anticipated
182,anticipating
183,anticipation
184,anywhere
185,ap
186,apics
187,app
188,appearance
189,apple
190,apples
191,appliances
192,applicants
193,application
194,applications
195,applied
196,applies
197,apply
198,approach
199,approaches
200,appropriate
201,appropriately
202,approximately
203,april
204,archetypes
205,arcs
206,area
207,areas
208,aren
209,arenas
210,argue
211,argued
212,arise
213,arises
214,arithmetic
215,arizona
216,arm
217,around
218,arrange
219,arrangements
220,arranging
221,arrival
222,arrive
223,arrives
224,article
225,articles
226,articulated
227,artificial
228,arts
229,ascm
230,asked
231,asks
232,asp
233,aspect
234,aspects
235,assemble
236,assembled
237,assemblies
238,assembling
239,assembly
240,assess
241,assesses
242,assessing
243,assessment
244,assessments
245,asset
246,assets
247,assistants
248,associate
249,associated
250,association
251,assume
252,assumptions
253,assurance
254,assuring
255,ast
256,asymmetries
257,atp
258,attachments
259,attacks
260,attain
261,attempts
262,attending
263,attention
264,attitude
265,attract
266,attribute
267,attuned
268,audit
269,auditing
270,audits
271,augmented
272,austin
273,authority
274,authorizing
275,authors
276,automate
277,automated
278,automatic
279,automating
280,automation
281,automobile
282,automobiles
283,automotive
284,autonomous
285,availability
286,available
287,average
288,aviation
289,avoid
290,avoids
291,await
292,award
293,awarding
294,awards
295,aware
296,awareness
297,away
298,azzi
299,b
300,baby
301,bachelor
302,back
303,backbone
304,backordered
305,backup
306,backups
307,backward
308,bad
309,baking
310,balance
311,balanced
312,balancing
313,ballet
314,bans
315,barcodes
316,bare
317,base
318,based
319,bases
320,basic
321,basics
322,basis
323,batch
324,batches
325,batteries
326,bearing
327,bears
328,became
329,become
330,becomes
331,becoming
332,began
333,begin
334,beginning
335,begins
336,behind
337,benchmarking
338,beneficial
339,benefit
340,benefits
341,benton
342,best
343,beta
344,better
345,beverage
346,beyond
347,big
348,bigger
349,biggest
350,billion
351,bills
352,biotech
353,bite
354,blend
355,blockchain
356,blockchains
357,blocked
358,bodies
359,body
360,bolts
361,book
362,books
363,boom
364,boost
365,boosting
366,booz
367,border
368,borders
369,born
370,bottlenecks
371,bottom
372,bought
373,bounce
374,boundaries
375,bowersox
376,box
377,branches
378,brand
379,breaches
380,break
381,breaking
382,breaks
383,breakthroughs
384,breath
385,breweries
386,bring
387,bringing
388,broad
389,broader
390,broadly
391,broken
392,broker
393,brokerages
394,brought
395,budget
396,budgets
397,buffers
398,build
399,builders
400,building
401,built
402,bulk
403,bulks
404,bureau
405,busiest
406,business
407,businesses
408,bustling
409,buttignol
410,buy
411,buyer
412,buyers
413,buying
414,buys
415,c
416,calculate
417,calculation
418,california
419,call
420,called
421,calls
422,cambridge
423,came
424,canada
425,canal
426,candidate
427,candy
428,canisters
429,cannot
430,canvas
431,capabilities
432,capability
433,capable
434,capacity
435,cape
436,capital
437,capitalize
438,capture
439,car
440,carbon
441,care
442,career
443,careful
444,carpet
445,carriers
446,carries
447,carry
448,cars
449,case
450,cases
451,cash
452,cast
453,castro
454,catastrophe
455,catastrophes
456,categories
457,categorize
458,category
459,catolica
460,cause
461,caused
462,causes
463,causing
464,cddp
465,cell
466,center
467,centered
468,centers
469,central
470,centralization
471,centralized
472,centralizing
473,centrally
474,centric
475,centroid
476,centroids
477,centuries
478,century
479,ceo
480,ceos
481,certain
482,certificate
483,certification
484,certifications
485,certified
486,certifying
487,cf
488,chain
489,chains
490,chair
491,challenge
492,challenged
493,challenges
494,change
495,changed
496,changes
497,changing
498,channel
499,channels
500,characteristics
501,characterized
502,chartered
503,chassis
504,chatbots
505,check
506,chemicals
507,cherry
508,chief
509,china
510,chinese
511,chips
512,choice
513,choices
514,choose
515,choosing
516,chopra
517,cips
518,circular
519,circularity
520,circulation
521,ciscm
522,citation
523,citations
524,cited
525,city
526,civilian
527,clarification
528,clark
529,class
530,classic
531,classification
532,classified
533,clean
534,cleaning
535,cleansheeting
536,clear
537,clearly
538,clients
539,climate
540,cliques
541,close
542,closely
543,closer
544,closest
545,closs
546,closures
547,cloth
548,clothe
549,clothing
550,cloud
551,cltd
552,co
553,coaching
554,codes
555,coercive
556,coffee
557,cogs
558,cohesion
559,cohesive
560,coined
561,cold
562,collaborate
563,collaborating
564,collaboration
565,collaborations
566,collaborative
567,collapse
568,colleagues
569,collect
570,collected
571,collection
572,collective
573,collectively
574,college
575,color
576,combination
577,combinations
578,combine
579,combined
580,combines
581,combining
582,come
583,comes
584,coming
585,commerce
586,commercial
587,commercialization
588,commission
589,commitment
590,committee
591,commodities
592,common
593,commonly
594,communicate
595,communicates
596,communication
597,communities
598,community
599,companies
600,company
601,compared
602,compares
603,comparing
604,comparison
605,compete
606,competencies
607,competency
608,competition
609,competitive
610,competitiveness
611,competitors
612,compiled
613,complement
614,complementary
615,complementing
616,completed
617,completely
618,completion
619,complex
620,complexities
621,complexity
622,compliance
623,compliances
624,compliant
625,complicate
626,complicated
627,component
628,components
629,composed
630,comprehensive
631,compression
632,comprise
633,comprises
634,compromising
635,computer
636,computerized
637,computers
638,computing
639,concentrate
640,concept
641,conceptual
642,concern
643,concerned
644,concerns
645,concert
646,concluded
647,conclusion
648,concrete
649,condition
650,conditions
651,conduct
652,conducted
653,conducting
654,configuration
655,configure
656,configured
657,confirming
658,confirms
659,conflict
660,conflicts
661,congo
662,conjunction
663,connect
664,connecting
665,connection
666,connections
667,connectivity
668,consciousness
669,consequence
670,consequences
671,consequent
672,consequently
673,consider
674,considerable
675,considerably
676,consideration
677,considered
678,considering
679,considers
680,consignee
681,consignment
682,consignor
683,consistency
684,consistent
685,consistently
686,consisting
687,consists
688,consolidate
689,consolidating
690,consolidation
691,constant
692,constantly
693,constellations
694,constraints
695,constructing
696,constructive
697,consultancies
698,consultant
699,consultants
700,consulting
701,consumer
702,consumers
703,consuming
704,consummate
705,consumption
706,contact
707,contacts
708,contain
709,contained
710,containers
711,contains
712,content
713,contents
714,context
715,continents
716,contingency
717,continually
718,continue
719,continued
720,continues
721,continuing
722,continuity
723,continuous
724,continuously
725,contract
726,contracting
727,contracts
728,contractual
729,contradicts
730,contrast
731,contrasted
732,contribute
733,contributed
734,contributes
735,contributing
736,control
737,controlled
738,controlling
739,controls
740,convenience
741,conversely
742,conversion
743,convert
744,convey
745,cookies
746,cooper
747,cooperate
748,cooperation
749,coordinate
750,coordinated
751,coordinates
752,coordinating
753,coordination
754,copenhagen
755,copies
756,core
757,cornerstone
758,coronavirus
759,corporate
760,corporations
761,correct
762,correcting
763,correctives
764,correctly
765,correlated
766,correlation
767,corridor
768,corruption
769,corvettes
770,cost
771,costlier
772,costly
773,costs
774,could
775,council
776,counterfeit
777,counterfeiting
778,countermeasures
779,counterparts
780,countries
781,country
782,counts
783,coupled
784,course
785,coursera
786,courses
787,cover
788,coverage
789,covering
790,covers
791,covid
792,cox
793,cpim
794,cpm
795,cpp
796,cpsm
797,cranfield
798,create
799,created
800,creates
801,creating
802,creation
803,creative
804,creativity
805,credibility
806,credit
807,crises
808,crisis
809,critical
810,crm
811,cross
812,crucial
813,csca
814,cscm
815,cscmp
816,cscp
817,cscs
818,ctl
819,cube
820,cultural
821,culture
822,cultures
823,cumbersome
824,cumulatively
825,curbing
826,currencies
827,current
828,currently
829,curve
830,custom
831,customer
832,customers
833,customization
834,customizing
835,cut
836,cutting
837,cyber
838,cyberattack
839,cybersecurity
840,cycle
841,cycles
842,d
843,daily
844,damage
845,damaged
846,damaging
847,dancers
848,dark
849,data
850,datasets
851,date
852,dates
853,daunting
854,day
855,days
856,dayton
857,de
858,deal
859,deals
860,dealt
861,debuted
862,decade
863,decades
864,decarbonize
865,decentralized
866,decided
867,decipher
868,decision
869,decisions
870,decomposed
871,decoupling
872,decrease
873,decreased
874,dedicated
875,deep
876,deeper
877,defective
878,defects
879,defer
880,defined
881,defines
882,defining
883,definitely
884,definition
885,definitions
886,deflating
887,deflation
888,degree
889,degrees
890,del
891,delay
892,delayed
893,delays
894,deliver
895,delivered
896,deliveries
897,delivering
898,delivers
899,delivery
900,dell
901,demand
902,demanding
903,demands
904,dematerialise
905,democratic
906,demonstrate
907,demonstrated
908,department
909,departments
910,depend
911,dependency
912,dependent
913,depending
914,depends
915,deploy
916,deployment
917,depth
918,depths
919,describe
920,described
921,describes
922,design
923,designated
924,designation
925,designations
926,designed
927,designers
928,designing
929,desired
930,desiring
931,desk
932,despite
933,destination
934,destinations
935,detail
936,detailing
937,details
938,detection
939,determine
940,determined
941,determines
942,determining
943,devastating
944,develop
945,developed
946,developing
947,development
948,developments
949,devices
950,diagram
951,dictate
952,dictated
953,dictionary
954,differ
955,difference
956,differences
957,different
958,differentiator
959,differently
960,difficult
961,digest
962,digital
963,digitally
964,digitization
965,digitize
966,digitized
967,digitizing
968,diligence
969,dimension
970,direct
971,direction
972,directly
973,director
974,directs
975,disassemble
976,disassembly
977,disaster
978,disasters
979,disciplinary
980,discipline
981,disciplines
982,discounts
983,discuss
984,discussed
985,discussion
986,discussions
987,dispatching
988,disposal
989,disposed
990,disposing
991,disputes
992,disrupt
993,disrupted
994,disruption
995,disruptions
996,disrupts
997,dissatisfaction
998,dissect
999,distances
1000,distinct
1001,distinction
1002,distinctive
1003,distinguishes
1004,distinguishing
1005,distribute
1006,distributed
1007,distributers
1008,distributes
1009,distributing
1010,distribution
1011,distributions
1012,distributor
1013,distributors
1014,dive
1015,diverse
1016,diversification
1017,diversifying
1018,diversity
1019,divide
1020,divided
1021,division
1022,docking
1023,document
1024,documented
1025,documents
1026,dodd
1027,doesn
1028,dollars
1029,domain
1030,domains
1031,domestic
1032,donate
1033,done
1034,doorstep
1035,douglass
1036,download
1037,downloads
1038,downsizing
1039,downstream
1040,downtime
1041,dr
1042,dramatic
1043,drastically
1044,drawbacks
1045,drawn
1046,draws
1047,drilling
1048,drive
1049,driven
1050,drivers
1051,drives
1052,driving
1053,drones
1054,drop
1055,dropshipping
1056,drucker
1057,drug
1058,due
1059,durable
1060,dyads
1061,dyer
1062,dynamic
1063,dynamically
1064,dynamics
1065,e
1066,earlier
1067,early
1068,earned
1069,earning
1070,earth
1071,earthquake
1072,easier
1073,easiest
1074,easily
1075,east
1076,easy
1077,eat
1078,eaton
1079,ebit
1080,ebitda
1081,eco
1082,ecological
1083,economic
1084,economical
1085,economics
1086,economies
1087,economy
1088,ecosystem
1089,edge
1090,edi
1091,edit
1092,edition
1093,eduardo
1094,education
1095,educational
1096,eduniversal
1097,edx
1098,effect
1099,effective
1100,effectively
1101,effectiveness
1102,effects
1103,efficacy
1104,efficiencies
1105,efficiency
1106,efficient
1107,efficiently
1108,effort
1109,efforts
1110,eindhoven
1111,either
1112,electric
1113,electrical
1114,electricity
1115,electronic
1116,electronics
1117,element
1118,elements
1119,eliminate
1120,eliminated
1121,eliminating
1122,elongated
1123,else
1124,elsewhere
1125,embedded
1126,embedding
1127,embodies
1128,embrace
1129,embraced
1130,embracing
1131,emerge
1132,emerged
1133,emergency
1134,emergent
1135,emerging
1136,emission
1137,emissions
1138,emphasis
1139,emphasized
1140,emphasizes
1141,emphasizing
1142,empirical
1143,employee
1144,employees
1145,employing
1146,empower
1147,empty
1148,enable
1149,enabled
1150,enablement
1151,enables
1152,enabling
1153,encompass
1154,encompasses
1155,encompassing
1156,encourage
1157,encouraged
1158,encourages
1159,encouraging
1160,encrypting
1161,encyclopedia
1162,encyclopedic
1163,end
1164,endeavor
1165,ending
1166,endpoint
1167,ends
1168,endures
1169,enduring
1170,energy
1171,engage
1172,engaged
1173,engagement
1174,engages
1175,engaging
1176,engineering
1177,engineers
1178,engines
1179,enhance
1180,enhanced
1181,enhancing
1182,enough
1183,ensure
1184,ensured
1185,ensures
1186,ensuring
1187,entails
1188,enter
1189,enterprise
1190,enterprises
1191,entire
1192,entirely
1193,entities
1194,entity
1195,entry
1196,environment
1197,environmental
1198,environmentally
1199,environments
1200,envision
1201,eoq
1202,equally
1203,equation
1204,equipment
1205,equipping
1206,equitable
1207,era
1208,ericsson
1209,ernest
1210,ernst
1211,erp
1212,errors
1213,escalated
1214,esg
1215,especially
1216,essence
1217,essential
1218,essentials
1219,establish
1220,established
1221,establishing
1222,estimated
1223,et
1224,etc
1225,ethical
1226,ethically
1227,ethics
1228,europe
1229,european
1230,evaluate
1231,evaluating
1232,evaluators
1233,even
1234,events
1235,eventual
1236,eventually
1237,ever
1238,every
1239,everyone
1240,everything
1241,evidence
1242,evident
1243,evolution
1244,evolve
1245,evolved
1246,evolves
1247,evolving
1248,exact
1249,exam
1250,examination
1251,examine
1252,examined
1253,example
1254,examples
1255,exams
1256,exceed
1257,exceeding
1258,excellence
1259,excellent
1260,exceptions
1261,excess
1262,exchange
1263,exchanges
1264,exciting
1265,execute
1266,executed
1267,executing
1268,execution
1269,executive
1270,executives
1271,exercise
1272,exist
1273,existing
1274,exit
1275,expand
1276,expanded
1277,expanding
1278,expanse
1279,expansion
1280,expansive
1281,expect
1282,expectation
1283,expectations
1284,expected
1285,expects
1286,expedite
1287,expense
1288,expenses
1289,expensive
1290,experience
1291,experiences
1292,expert
1293,expertise
1294,experts
1295,expiration
1296,explaining
1297,exploit
1298,exploitation
1299,exploration
1300,explore
1301,explored
1302,exploring
1303,exponential
1304,export
1305,exposed
1306,exposing
1307,exposure
1308,extend
1309,extended
1310,extending
1311,extends
1312,extensive
1313,extensively
1314,external
1315,extra
1316,extracted
1317,extracting
1318,extraction
1319,extreme
1320,extremes
1321,eye
1322,fabric
1323,face
1324,faced
1325,faces
1326,facilitate
1327,facilitates
1328,facilitating
1329,facilitators
1330,facilities
1331,facility
1332,facing
1333,factor
1334,factories
1335,factors
1336,factory
1337,fail
1338,failed
1339,failure
1340,fair
1341,fairly
1342,fall
1343,falls
1344,familiarity
1345,faqs
1346,far
1347,farther
1348,fashion
1349,fast
1350,faster
1351,faulty
1352,favor
1353,favorable
1354,feasible
1355,features
1356,february
1357,feed
1358,feedback
1359,feelings
1360,fees
1361,fencing
1362,fewer
1363,field
1364,fields
1365,fifo
1366,fight
1367,fighter
1368,figure
1369,figuring
1370,fill
1371,filling
1372,final
1373,finally
1374,finance
1375,finances
1376,financial
1377,find
1378,finding
1379,findings
1380,fingertips
1381,finish
1382,finished
1383,firefighting
1384,firm
1385,firms
1386,first
1387,fit
1388,fits
1389,five
1390,fixed
1391,flashcard
1392,flawed
1393,fleet
1394,flexibility
1395,flexible
1396,flip
1397,floor
1398,floors
1399,flow
1400,flows
1401,fluctuating
1402,fluctuation
1403,fluctuations
1404,fluids
1405,flurry
1406,flux
1407,focus
1408,focused
1409,focuses
1410,focusing
1411,followed
1412,following
1413,follows
1414,food
1415,foods
1416,footprint
1417,footprints
1418,forbes
1419,forced
1420,forces
1421,ford
1422,forecast
1423,forecasted
1424,forecasting
1425,forecasts
1426,forefront
1427,foreign
1428,foresee
1429,foreseeable
1430,foresight
1431,forest
1432,forfeiting
1433,forge
1434,form
1435,formal
1436,formats
1437,former
1438,forms
1439,formula
1440,formulas
1441,forum
1442,forums
1443,forward
1444,foster
1445,fostering
1446,fosters
1447,found
1448,foundation
1449,foundations
1450,four
1451,fourth
1452,framework
1453,frank
1454,fraud
1455,fred
1456,free
1457,freight
1458,french
1459,frequency
1460,frequent
1461,frequently
1462,fresh
1463,friendly
1464,front
1465,fruits
1466,frustrations
1467,fuel
1468,fulfill
1469,fulfilled
1470,fulfilling
1471,fulfillment
1472,fulfills
1473,fulfilment
1474,full
1475,fully
1476,function
1477,functional
1478,functionality
1479,functioning
1480,functions
1481,fundamental
1482,fundamentally
1483,fundamentals
1484,funds
1485,furniture
1486,fuss
1487,future
1488,g
1489,gadget
1490,gain
1491,gained
1492,gaining
1493,gains
1494,gap
1495,gaps
1496,gartner
1497,gas
1498,gauge
1499,gave
1500,gaze
1501,gear
1502,geared
1503,general
1504,generally
1505,generate
1506,generated
1507,generation
1508,generic
1509,geographical
1510,geographically
1511,geographies
1512,geopolitical
1513,germany
1514,get
1515,gets
1516,getting
1517,giant
1518,giunipero
1519,give
1520,given
1521,gives
1522,giving
1523,gln
1524,global
1525,globalization
1526,globally
1527,globe
1528,glyn
1529,go
1530,goal
1531,goals
1532,goes
1533,going
1534,gold
1535,good
1536,goods
1537,google
1538,gordon
1539,got
1540,governance
1541,government
1542,governmental
1543,governments
1544,gpo
1545,grasp
1546,grasping
1547,great
1548,greater
1549,greatest
1550,greatly
1551,green
1552,greenhouse
1553,grew
1554,gritty
1555,group
1556,groups
1557,grow
1558,growing
1559,grown
1560,grows
1561,growth
1562,guarantee
1563,guidance
1564,guide
1565,guidelines
1566,guides
1567,guiding
1568,half
1569,halldorsson
1570,hamburger
1571,hamilton
1572,hand
1573,handfield
1574,handle
1575,handled
1576,handles
1577,handling
1578,hands
1579,happen
1580,happier
1581,harmful
1582,harmonious
1583,harmony
1584,harness
1585,harnessing
1586,harsh
1587,harvard
1588,harvey
1589,hashing
1590,hassle
1591,hauled
1592,hauling
1593,hbr
1594,head
1595,health
1596,healthcare
1597,healthy
1598,heart
1599,heat
1600,heavily
1601,hedging
1602,heightened
1603,held
1604,helene
1605,help
1606,helped
1607,helpful
1608,helping
1609,helps
1610,hence
1611,henkel
1612,hewlett
1613,hey
1614,hiccups
1615,hierarchy
1616,high
1617,higher
1618,highest
1619,highlight
1620,highlighted
1621,highlights
1622,highly
1623,hines
1624,hinges
1625,historians
1626,historical
1627,historically
1628,history
1629,hit
1630,hitches
1631,hoarded
1632,hold
1633,holding
1634,holds
1635,holiday
1636,holistic
1637,holistically
1638,home
1639,horizontal
1640,hospital
1641,hospitality
1642,hospitals
1643,hosting
1644,hotel
1645,house
1646,however
1647,hubs
1648,huge
1649,hult
1650,human
1651,humanitarian
1652,hurricane
1653,hyperlocal
1654,hypothesis
1655,ibp
1656,icon
1657,idea
1658,ideal
1659,ideally
1660,ideas
1661,identification
1662,identified
1663,identifies
1664,identify
1665,identifying
1666,idle
1667,iec
1668,ii
1669,iipmr
1670,illuminate
1671,illustrate
1672,illustrating
1673,illustration
1674,image
1675,immediate
1676,immediately
1677,immutability
1678,immutable
1679,impact
1680,impacting
1681,impacts
1682,impediments
1683,implement
1684,implementation
1685,implemented
1686,implementing
1687,implications
1688,import
1689,importance
1690,important
1691,importing
1692,impossible
1693,improve
1694,improved
1695,improvement
1696,improvements
1697,improves
1698,improving
1699,inability
1700,inaccurately
1701,inadequate
1702,inappropriate
1703,inbound
1704,inbox
1705,incentives
1706,inception
1707,incidents
1708,include
1709,included
1710,includes
1711,including
1712,inclusive
1713,incoming
1714,inconsistency
1715,inconsistent
1716,incorporate
1717,incorporates
1718,incorporating
1719,increase
1720,increased
1721,increases
1722,increasing
1723,increasingly
1724,incremental
1725,incur
1726,incurring
1727,independent
1728,index
1729,indicate
1730,individual
1731,individuals
1732,induce
1733,induced
1734,industrial
1735,industries
1736,industry
1737,inefficiencies
1738,inefficient
1739,inertia
1740,inevitable
1741,inflating
1742,inflation
1743,inflationary
1744,influence
1745,influencing
1746,influential
1747,inform
1748,informal
1749,information
1750,informed
1751,informing
1752,infrastructure
1753,ingredients
1754,inherent
1755,inherently
1756,initial
1757,initially
1758,initiate
1759,initiating
1760,initiation
1761,initiative
1762,initiatives
1763,innovate
1764,innovation
1765,innovations
1766,innovative
1767,input
1768,inputs
1769,insead
1770,insight
1771,insights
1772,insolvency
1773,insourcing
1774,inspected
1775,inspection
1776,instability
1777,instance
1778,instant
1779,instead
1780,institute
1781,institution
1782,institutional
1783,institutions
1784,instructed
1785,insurance
1786,int
1787,integral
1788,integrate
1789,integrated
1790,integrates
1791,integrating
1792,integration
1793,integrative
1794,integrity
1795,intellectual
1796,intelligence
1797,intended
1798,intensify
1799,intensity
1800,intentions
1801,inter
1802,interacted
1803,interactions
1804,interactive
1805,interacts
1806,interchange
1807,interchangeably
1808,interconnected
1809,interconnectedness
1810,interdependent
1811,interdisciplinarity
1812,interest
1813,interested
1814,interestingly
1815,interface
1816,interfaces
1817,interlinked
1818,intermediaries
1819,internal
1820,international
1821,internet
1822,interorganizational
1823,interpersonal
1824,interplay
1825,interpret
1826,interpretation
1827,interpretations
1828,interpreted
1829,interrelated
1830,interrelation
1831,interruptions
1832,intersect
1833,intertwined
1834,interview
1835,intricacies
1836,intricate
1837,introduce
1838,introduced
1839,introduction
1840,introductory
1841,invaluable
1842,invasion
1843,inventories
1844,inventory
1845,invest
1846,investigative
1847,investing
1848,investment
1849,investments
1850,investopedia
1851,invoice
1852,invoicing
1853,involve
1854,involved
1855,involvement
1856,involves
1857,involving
1858,ioscm
1859,iot
1860,ir
1861,iron
1862,irreparable
1863,iscea
1864,island
1865,ism
1866,isn
1867,iso
1868,issuance
1869,issue
1870,issued
1871,issues
1872,item
1873,items
1874,iv
1875,james
1876,japan
1877,japanese
1878,jargon
1879,jenkins
1880,jenkinsabby
1881,jersey
1882,jets
1883,jit
1884,job
1885,jobs
1886,joe
1887,john
1888,join
1889,joint
1890,jointly
1891,journal
1892,journals
1893,journey
1894,jr
1895,judgmental
1896,july
1897,june
1898,jurisdictions
1899,kbv
1900,kearney
1901,kedge
1902,keep
1903,keeping
1904,keeps
1905,keg
1906,keiretsu
1907,keith
1908,kept
1909,ketchen
1910,key
1911,kimberly
1912,kind
1913,kinds
1914,kingdom
1915,km
1916,knocks
1917,know
1918,knowing
1919,knowledge
1920,known
1921,korean
1922,kucher
1923,l
1924,la
1925,labeling
1926,labor
1927,lack
1928,lacks
1929,lagging
1930,lambert
1931,land
1932,landfills
1933,landscape
1934,language
1935,languages
1936,laptops
1937,large
1938,largely
1939,larger
1940,largest
1941,larry
1942,last
1943,lasting
1944,late
1945,later
1946,latest
1947,latter
1948,launched
1949,laundry
1950,lavassani
1951,law
1952,laws
1953,layers
1954,laying
1955,lead
1956,leaders
1957,leadership
1958,leading
1959,leads
1960,leakage
1961,lean
1962,learn
1963,learned
1964,learners
1965,learning
1966,leased
1967,least
1968,leave
1969,led
1970,ledger
1971,lee
1972,left
1973,legal
1974,legally
1975,legitimate
1976,lengthy
1977,lens
1978,lent
1979,less
1980,lessens
1981,lessons
1982,let
1983,lets
1984,letting
1985,level
1986,levels
1987,leverage
1988,leveraged
1989,leverages
1990,leveraging
1991,liaison
1992,lies
1993,life
1994,lifecycle
1995,lifeline
1996,lifo
1997,light
1998,lighthouse
1999,lighting
2000,like
2001,likely
2002,limitations
2003,limited
2004,line
2005,linear
2006,linens
2007,lines
2008,link
2009,linkage
2010,linked
2011,links
2012,liquidators
2013,lisboa
2014,list
2015,literature
2016,little
2017,live
2018,lives
2019,ll
2020,loading
2021,local
2022,localization
2023,localized
2024,locally
2025,located
2026,location
2027,locations
2028,logic
2029,logistic
2030,logistical
2031,logistician
2032,logisticians
2033,logistics
2034,londe
2035,london
2036,long
2037,longer
2038,look
2039,looked
2040,looking
2041,lookout
2042,looks
2043,looming
2044,loop
2045,loops
2046,loosely
2047,lose
2048,losing
2049,loss
2050,losses
2051,lost
2052,lot
2053,low
2054,lower
2055,lowered
2056,lowering
2057,lowers
2058,lowest
2059,loyalty
2060,lump
2061,m
2062,machine
2063,machines
2064,made
2065,magnitude
2066,mail
2067,main
2068,maintain
2069,maintained
2070,maintaining
2071,maintains
2072,maintenance
2073,major
2074,make
2075,makers
2076,makes
2077,making
2078,maloni
2079,manage
2080,managed
2081,management
2082,manager
2083,managerial
2084,managers
2085,manages
2086,managing
2087,mandate
2088,mandates
2089,manner
2090,manpower
2091,manual
2092,manuals
2093,manufacture
2094,manufacturer
2095,manufacturers
2096,manufactures
2097,manufacturing
2098,many
2099,map
2100,mapped
2101,margins
2102,maritime
2103,marked
2104,markers
2105,market
2106,marketable
2107,marketing
2108,marketplace
2109,markets
2110,markups
2111,mart
2112,masks
2113,mass
2114,massachusetts
2115,master
2116,masters
2117,match
2118,material
2119,materials
2120,mathematical
2121,mathematics
2122,matrix
2123,matters
2124,mature
2125,matured
2126,maturity
2127,maximize
2128,maximizes
2129,maximizing
2130,maximum
2131,may
2132,mckinsey
2133,mean
2134,meaning
2135,means
2136,meant
2137,meanwhile
2138,measure
2139,measured
2140,measurement
2141,measures
2142,measuring
2143,mechanisms
2144,mechanization
2145,media
2146,mediated
2147,medical
2148,medicine
2149,medicines
2150,medium
2151,meet
2152,meeting
2153,meets
2154,megafactory
2155,meindl
2156,members
2157,memory
2158,mentorship
2159,mentzer
2160,merchandise
2161,merchandising
2162,mercy
2163,mere
2164,merely
2165,merges
2166,message
2167,met
2168,metal
2169,metals
2170,method
2171,methodologies
2172,methodology
2173,methods
2174,metrics
2175,mexico
2176,mi
2177,michael
2178,michela
2179,michigan
2180,microlearnings
2181,micromasters
2182,mid
2183,middle
2184,middlemen
2185,midsize
2186,midsized
2187,might
2188,miles
2189,military
2190,mind
2191,mined
2192,minerals
2193,minimal
2194,minimize
2195,minimized
2196,minimizes
2197,minimizing
2198,minimum
2199,minority
2200,miracles
2201,misalignment
2202,misconception
2203,mismatches
2204,missed
2205,missing
2206,mission
2207,missions
2208,mississippi
2209,mistakes
2210,mit
2211,mitigate
2212,mitigating
2213,mitigation
2214,mix
2215,ml
2216,mlm
2217,mobile
2218,mobility
2219,model
2220,models
2221,modern
2222,modernizing
2223,modes
2224,modules
2225,monczka
2226,monetary
2227,money
2228,monitor
2229,monitored
2230,monitoring
2231,month
2232,moq
2233,moqs
2234,mostly
2235,motion
2236,motivation
2237,motor
2238,move
2239,moved
2240,movement
2241,movements
2242,moves
2243,moving
2244,mro
2245,mrp
2246,much
2247,multidisciplinary
2248,multifaceted
2249,multimethod
2250,multinational
2251,multinationals
2252,multiple
2253,multitier
2254,multitude
2255,must
2256,mutual
2257,mutually
2258,narrative
2259,narrow
2260,narrower
2261,nation
2262,national
2263,natural
2264,nature
2265,navigate
2266,navigating
2267,near
2268,nearly
2269,necessarily
2270,necessary
2271,necessitate
2272,necessity
2273,need
2274,needed
2275,needing
2276,needs
2277,negative
2278,negatively
2279,negotiate
2280,negotiated
2281,negotiates
2282,negotiating
2283,negotiation
2284,negotiations
2285,neither
2286,nerve
2287,net
2288,netsuite
2289,network
2290,networked
2291,networks
2292,neutral
2293,never
2294,new
2295,newest
2296,next
2297,ngos
2298,nice
2299,nichols
2300,nitty
2301,node
2302,non
2303,noncompliant
2304,normal
2305,normalizing
2306,north
2307,notable
2308,note
2309,noted
2310,notice
2311,notion
2312,notions
2313,nova
2314,np
2315,nuances
2316,nucleus
2317,number
2318,numbering
2319,numbers
2320,numerous
2321,nurture
2322,nuts
2323,obama
2324,object
2325,objective
2326,objectives
2327,obligations
2328,observed
2329,obsolete
2330,obstacles
2331,obstruction
2332,obtain
2333,obtaining
2334,occupations
2335,occur
2336,occurrence
2337,occurs
2338,october
2339,oem
2340,oems
2341,offer
2342,offered
2343,offering
2344,offerings
2345,offers
2346,office
2347,officer
2348,offloaded
2349,offs
2350,often
2351,ohio
2352,oil
2353,oils
2354,oldest
2355,oliver
2356,oms
2357,one
2358,ones
2359,ongoing
2360,online
2361,op
2362,opdw
2363,open
2364,opens
2365,operate
2366,operates
2367,operating
2368,operation
2369,operational
2370,operations
2371,operative
2372,opinions
2373,opportunities
2374,opposed
2375,opposite
2376,optimal
2377,optimally
2378,optimization
2379,optimize
2380,optimized
2381,optimizes
2382,optimizing
2383,optimum
2384,optimums
2385,opting
2386,optional
2387,options
2388,orchestrating
2389,orchestration
2390,order
2391,ordered
2392,ordering
2393,orders
2394,ore
2395,organically
2396,organisations
2397,organization
2398,organizational
2399,organizations
2400,organize
2401,organized
2402,organizes
2403,organizing
2404,orientation
2405,origin
2406,original
2407,originally
2408,originated
2409,origins
2410,others
2411,otherwise
2412,outbound
2413,outcome
2414,outcomes
2415,outliers
2416,outlines
2417,outlining
2418,outputs
2419,outside
2420,outsource
2421,outsourced
2422,outsourcing
2423,outweigh
2424,overall
2425,overcome
2426,overheads
2427,overlap
2428,overlooked
2429,oversee
2430,overseeing
2431,oversees
2432,oversight
2433,overstock
2434,overstocked
2435,overstocking
2436,overstocks
2437,owned
2438,owner
2439,owners
2440,ownership
2441,p
2442,pace
2443,paces
2444,package
2445,packaging
2446,packard
2447,packing
2448,page
2449,paid
2450,paint
2451,pallets
2452,panarchical
2453,pandemic
2454,pandemics
2455,paper
2456,par
2457,paradigms
2458,paramount
2459,part
2460,parted
2461,partial
2462,participant
2463,participants
2464,participate
2465,participates
2466,participating
2467,participation
2468,particular
2469,particularly
2470,parties
2471,partner
2472,partnered
2473,partners
2474,partnership
2475,partnerships
2476,parts
2477,partsch
2478,party
2479,pass
2480,passed
2481,passing
2482,passionate
2483,past
2484,path
2485,paths
2486,pathway
2487,patterns
2488,patterson
2489,pave
2490,pay
2491,paying
2492,payment
2493,payments
2494,pays
2495,peace
2496,peaks
2497,peers
2498,penalties
2499,penetration
2500,penn
2501,people
2502,per
2503,perceived
2504,percent
2505,percentage
2506,perception
2507,perennial
2508,perfected
2509,perfectly
2510,perform
2511,performance
2512,performed
2513,performing
2514,period
2515,periodic
2516,periodically
2517,periodicals
2518,periods
2519,perishable
2520,perpetual
2521,perpetually
2522,persist
2523,persistence
2524,person
2525,perspective
2526,perspectives
2527,pertinent
2528,peru
2529,peter
2530,petrochemical
2531,pharmaceutical
2532,phase
2533,phases
2534,phasing
2535,phone
2536,physical
2537,physics
2538,picking
2539,picture
2540,piece
2541,piloting
2542,pivot
2543,pivotal
2544,place
2545,placed
2546,placement
2547,places
2548,plan
2549,plane
2550,planes
2551,planet
2552,planned
2553,planner
2554,planners
2555,planning
2556,plans
2557,plant
2558,plants
2559,plastics
2560,platform
2561,platforms
2562,play
2563,played
2564,player
2565,players
2566,playing
2567,plays
2568,please
2569,plentiful
2570,plenty
2571,plug
2572,po
2573,pod
2574,pods
2575,point
2576,pointed
2577,points
2578,policies
2579,policy
2580,political
2581,pollution
2582,pontificia
2583,poor
2584,popular
2585,popularity
2586,population
2587,portal
2588,portals
2589,ports
2590,pose
2591,position
2592,positioning
2593,positions
2594,positive
2595,possibilities
2596,possible
2597,post
2598,postponement
2599,potential
2600,potentially
2601,power
2602,powered
2603,powerful
2604,practice
2605,practices
2606,practitioner
2607,practitioners
2608,preceding
2609,precise
2610,precision
2611,predict
2612,predictable
2613,predicting
2614,predictive
2615,preemptively
2616,preferences
2617,preferred
2618,prepare
2619,prepared
2620,preparedness
2621,preparing
2622,prepped
2623,prescription
2624,presence
2625,present
2626,presented
2627,presents
2628,preserve
2629,president
2630,pressure
2631,pressures
2632,prevailed
2633,prevailing
2634,prevalent
2635,prevent
2636,preventing
2637,prevents
2638,previously
2639,price
2640,prices
2641,pricing
2642,primarily
2643,primary
2644,prime
2645,principles
2646,printing
2647,priorities
2648,prioritize
2649,prioritizing
2650,priority
2651,proactive
2652,probabilities
2653,problem
2654,problems
2655,procedure
2656,proceed
2657,process
2658,processes
2659,processing
2660,procure
2661,procured
2662,procurement
2663,procurify
2664,procuring
2665,produce
2666,produced
2667,producer
2668,producers
2669,produces
2670,producing
2671,product
2672,production
2673,productive
2674,productivity
2675,products
2676,profession
2677,professional
2678,professionals
2679,proficient
2680,profile
2681,profit
2682,profitability
2683,profitable
2684,profits
2685,profound
2686,program
2687,programmes
2688,programs
2689,progress
2690,progressed
2691,progressive
2692,project
2693,projected
2694,projections
2695,projects
2696,proliferation
2697,prolonged
2698,prominence
2699,promise
2700,promoting
2701,promotional
2702,promptly
2703,proof
2704,propel
2705,propelled
2706,propels
2707,proper
2708,properly
2709,properties
2710,property
2711,proportion
2712,proposes
2713,proposition
2714,protected
2715,protecting
2716,protection
2717,protects
2718,protocols
2719,prototype
2720,proved
2721,provide
2722,provided
2723,provider
2724,providers
2725,provides
2726,providing
2727,provision
2728,prowess
2729,prudent
2730,public
2731,publication
2732,published
2733,publisher
2734,publishers
2735,pull
2736,purchase
2737,purchaser
2738,purchasers
2739,purchases
2740,purchasing
2741,purdue
2742,purpose
2743,purposes
2744,purse
2745,pursue
2746,pursuing
2747,push
2748,put
2749,puts
2750,putting
2751,qrm
2752,qualifications
2753,qualifying
2754,qualities
2755,quality
2756,quantified
2757,quantities
2758,quantity
2759,quantum
2760,quartile
2761,quell
2762,question
2763,questions
2764,quick
2765,quicker
2766,quickly
2767,r
2768,rabbit
2769,radio
2770,rail
2771,railroad
2772,raise
2773,raised
2774,range
2775,ranging
2776,rank
2777,ranking
2778,rankings
2779,ranks
2780,rapid
2781,rapidly
2782,rapport
2783,rare
2784,rate
2785,rates
2786,rather
2787,ratings
2788,raven
2789,raw
2790,rbv
2791,rcm
2792,re
2793,reach
2794,reached
2795,reaches
2796,reaching
2797,reactive
2798,read
2799,reading
2800,ready
2801,real
2802,realistically
2803,reality
2804,realize
2805,realized
2806,realizes
2807,really
2808,realm
2809,realms
2810,reason
2811,reasons
2812,recall
2813,recalled
2814,recalls
2815,receipt
2816,receive
2817,received
2818,receives
2819,receiving
2820,recent
2821,recently
2822,reciprocity
2823,recirculation
2824,recognition
2825,recognizable
2826,recognize
2827,recognized
2828,recognizes
2829,recommends
2830,reconditioning
2831,record
2832,recorded
2833,records
2834,recover
2835,recruitment
2836,rectify
2837,recycle
2838,recycled
2839,recycling
2840,red
2841,redefine
2842,redeployment
2843,redesign
2844,redirecting
2845,reduce
2846,reduced
2847,reduces
2848,reducing
2849,reduction
2850,reductions
2851,reengineering
2852,reevaluating
2853,refer
2854,reference
2855,references
2856,referent
2857,referred
2858,refers
2859,refill
2860,refine
2861,refineries
2862,refining
2863,refocused
2864,reform
2865,reforms
2866,refurbishment
2867,refusal
2868,regard
2869,regarded
2870,regarding
2871,regardless
2872,regimes
2873,region
2874,regional
2875,regions
2876,registered
2877,regular
2878,regularity
2879,regularly
2880,regulated
2881,regulation
2882,regulations
2883,regulators
2884,regulatory
2885,reinstated
2886,related
2887,relation
2888,relational
2889,relationship
2890,relationships
2891,relatively
2892,release
2893,relentless
2894,relevance
2895,relevant
2896,reliability
2897,reliable
2898,reliably
2899,reliance
2900,relied
2901,relies
2902,relocated
2903,rely
2904,remain
2905,remainder
2906,remaining
2907,remains
2908,remanufacturing
2909,remarkable
2910,reminder
2911,remove
2912,removed
2913,removing
2914,rendering
2915,renegotiate
2916,renegotiated
2917,renegotiating
2918,renewable
2919,renewals
2920,rental
2921,rented
2922,reorder
2923,reordering
2924,repair
2925,repairable
2926,repaired
2927,repairs
2928,replacement
2929,replacements
2930,replenish
2931,replenishing
2932,replenishment
2933,replicates
2934,report
2935,reported
2936,reporting
2937,reports
2938,represent
2939,representation
2940,represents
2941,republic
2942,repurpose
2943,reputation
2944,request
2945,requests
2946,require
2947,required
2948,requirements
2949,requires
2950,requiring
2951,resale
2952,research
2953,researchers
2954,researching
2955,resell
2956,resellers
2957,resending
2958,reserve
2959,reshaped
2960,reshaping
2961,resilience
2962,resiliency
2963,resilient
2964,resins
2965,resold
2966,resolve
2967,resonate
2968,resource
2969,resources
2970,respect
2971,respective
2972,respectively
2973,respond
2974,respondents
2975,responding
2976,response
2977,responses
2978,responsibilities
2979,responsibility
2980,responsible
2981,responsibly
2982,responsive
2983,responsiveness
2984,rest
2985,restaurants
2986,restrictions
2987,restructure
2988,result
2989,resulted
2990,resulting
2991,results
2992,resumption
2993,retail
2994,retailer
2995,retailers
2996,retain
2997,retains
2998,retrieval
2999,return
3000,returned
3001,returning
3002,returns
3003,reuse
3004,reused
3005,revealing
3006,revenue
3007,revenues
3008,reverse
3009,review
3010,reviewing
3011,reviews
3012,revise
3013,revolution
3014,revolutionized
3015,revolutionizing
3016,revolve
3017,reward
3018,rewarding
3019,rfid
3020,right
3021,rights
3022,rigorously
3023,ring
3024,ripple
3025,rise
3026,rises
3027,rising
3028,risk
3029,risks
3030,rivals
3031,river
3032,riverside
3033,road
3034,roadblocks
3035,roadmap
3036,robert
3037,robotic
3038,robotics
3039,robust
3040,robustness
3041,role
3042,roles
3043,rollout
3044,rolls
3045,root
3046,roots
3047,rose
3048,rotating
3049,rotterdam
3050,roughly
3051,route
3052,routes
3053,routine
3054,rpa
3055,rubber
3056,rule
3057,rules
3058,run
3059,rundown
3060,running
3061,runs
3062,russian
3063,rutgers
3064,saas
3065,sacrificing
3066,safe
3067,safety
3068,said
3069,sale
3070,sales
3071,sanctions
3072,sanderson
3073,sanitizers
3074,satellites
3075,satisfaction
3076,satisfy
3077,satisfying
3078,savar
3079,save
3080,saves
3081,saving
3082,savings
3083,savvy
3084,saw
3085,say
3086,says
3087,sc
3088,scalable
3089,scale
3090,scarcity
3091,scenario
3092,scenarios
3093,schedule
3094,schedules
3095,scheduling
3096,schemes
3097,schneider
3098,school
3099,schools
3100,scm
3101,scma
3102,scmp
3103,scope
3104,scopes
3105,scor
3106,score
3107,scrap
3108,scratching
3109,screws
3110,sct
3111,sea
3112,seamless
3113,seamlessly
3114,searchable
3115,seasonal
3116,sec
3117,sech
3118,second
3119,secondary
3120,section
3121,sections
3122,sector
3123,sectors
3124,secure
3125,secures
3126,securing
3127,securities
3128,security
3129,see
3130,seek
3131,seeking
3132,seeks
3133,seen
3134,segment
3135,select
3136,selected
3137,selecting
3138,selection
3139,selects
3140,self
3141,sell
3142,seller
3143,sellers
3144,selling
3145,sells
3146,semanik
3147,semi
3148,seminal
3149,send
3150,senior
3151,sense
3152,sensing
3153,sensitive
3154,sensitivities
3155,sensors
3156,sent
3157,separate
3158,sequence
3159,sequential
3160,series
3161,serious
3162,serve
3163,served
3164,serves
3165,service
3166,services
3167,serving
3168,sessions
3169,set
3170,setbacks
3171,sets
3172,setting
3173,several
3174,severe
3175,severely
3176,shane
3177,shape
3178,shapes
3179,shaping
3180,share
3181,shared
3182,sharing
3183,sharp
3184,shedding
3185,shelves
3186,shield
3187,shift
3188,shifted
3189,shifting
3190,shifts
3191,ship
3192,shipment
3193,shipments
3194,shipped
3195,shipping
3196,ships
3197,shock
3198,shocks
3199,shoring
3200,short
3201,shortage
3202,shortages
3203,shorten
3204,shortened
3205,shortening
3206,shorter
3207,shouldn
3208,show
3209,showcased
3210,showcasing
3211,showed
3212,showing
3213,shown
3214,shows
3215,shut
3216,side
3217,sigma
3218,signed
3219,significance
3220,significant
3221,significantly
3222,signs
3223,silos
3224,similar
3225,similarities
3226,similarly
3227,simon
3228,simplifies
3229,simplify
3230,simply
3231,simulating
3232,simulations
3233,since
3234,singh
3235,single
3236,sit
3237,sites
3238,sitting
3239,situations
3240,six
3241,size
3242,sized
3243,sizes
3244,sizing
3245,skill
3246,skilled
3247,skills
3248,skillsets
3249,slavery
3250,slide
3251,slightly
3252,slow
3253,slowdown
3254,slowly
3255,small
3256,smaller
3257,smart
3258,smooth
3259,smoother
3260,smoothing
3261,smoothly
3262,social
3263,society
3264,software
3265,softwares
3266,sold
3267,solid
3268,sollish
3269,solution
3270,solutions
3271,solved
3272,solvers
3273,solving
3274,something
3275,sometimes
3276,somewhat
3277,soon
3278,sophisticated
3279,sorting
3280,sound
3281,source
3282,sourced
3283,sources
3284,sourcing
3285,south
3286,space
3287,spanning
3288,spare
3289,speak
3290,special
3291,specialist
3292,specialists
3293,specialization
3294,specialized
3295,specializing
3296,specialty
3297,specific
3298,specifically
3299,specifications
3300,specifics
3301,specified
3302,speed
3303,spend
3304,spending
3305,spent
3306,spills
3307,spinning
3308,split
3309,spoiled
3310,spoken
3311,sporadic
3312,spotted
3313,spreadsheets
3314,spurred
3315,square
3316,srm
3317,st
3318,stability
3319,stable
3320,staff
3321,staffing
3322,stage
3323,stages
3324,stakeholders
3325,stand
3326,standard
3327,standardization
3328,standardizing
3329,standards
3330,standing
3331,start
3332,started
3333,starting
3334,state
3335,stated
3336,states
3337,static
3338,stations
3339,statistical
3340,statistics
3341,status
3342,stay
3343,staying
3344,steady
3345,steel
3346,steep
3347,step
3348,steps
3349,still
3350,stipulated
3351,stock
3352,stocked
3353,stocking
3354,stockouts
3355,stocks
3356,stolen
3357,stop
3358,stoppages
3359,storage
3360,store
3361,stored
3362,stores
3363,storied
3364,storing
3365,storms
3366,straight
3367,strain
3368,strategic
3369,strategically
3370,strategies
3371,strategy
3372,stream
3373,streamline
3374,streamlined
3375,streamlines
3376,streamlining
3377,street
3378,strengthen
3379,strengthens
3380,strengths
3381,stress
3382,stretching
3383,strict
3384,strides
3385,strike
3386,strive
3387,strives
3388,strong
3389,stronger
3390,structural
3391,structure
3392,structured
3393,structures
3394,students
3395,studies
3396,study
3397,stuff
3398,style
3399,sub
3400,subcontracted
3401,subject
3402,submit
3403,submitting
3404,subsequently
3405,subset
3406,substantially
3407,success
3408,successes
3409,successful
3410,successfully
3411,successive
3412,sudden
3413,suddenly
3414,suez
3415,suffer
3416,suffers
3417,sufficient
3418,suggest
3419,suggested
3420,suggests
3421,suitable
3422,suits
3423,sum
3424,summary
3425,sunil
3426,superior
3427,supermarkets
3428,supplement
3429,supplier
3430,suppliers
3431,supplies
3432,supply
3433,supplying
3434,support
3435,supporting
3436,supports
3437,supposed
3438,sure
3439,surfacing
3440,surges
3441,surplus
3442,surrounding
3443,survey
3444,surveyed
3445,surveys
3446,survival
3447,survive
3448,sustain
3449,sustainability
3450,sustainable
3451,sustainably
3452,sustained
3453,sustains
3454,sweatshop
3455,swept
3456,swift
3457,swiftly
3458,switched
3459,symbiotic
3460,symphony
3461,sync
3462,synchronising
3463,synchronization
3464,synchronized
3465,synchronizing
3466,synergism
3467,synergy
3468,system
3469,systematic
3470,systemic
3471,systems
3472,tab
3473,table
3474,tackle
3475,tactical
3476,tactics
3477,tags
3478,tailored
3479,take
3480,takeaways
3481,taken
3482,takes
3483,taking
3484,talent
3485,talk
3486,tamper
3487,tandem
3488,tangible
3489,tantalum
3490,tapers
3491,tapestry
3492,tapping
3493,target
3494,targeted
3495,targeting
3496,targets
3497,tariffs
3498,task
3499,tasked
3500,tasks
3501,taught
3502,tax
3503,taxes
3504,tbc
3505,tca
3506,team
3507,teams
3508,tech
3509,technical
3510,technique
3511,techniques
3512,technological
3513,technologies
3514,technology
3515,television
3516,tell
3517,tend
3518,tennessee
3519,tensions
3520,term
3521,terminology
3522,terms
3523,terrorism
3524,tertiary
3525,tesco
3526,test
3527,testing
3528,texas
3529,text
3530,textbooks
3531,textiles
3532,th
3533,theoretical
3534,theories
3535,theory
3536,thereby
3537,therefore
3538,thing
3539,things
3540,think
3541,thinkers
3542,thinking
3543,third
3544,thorough
3545,thoughts
3546,thread
3547,threats
3548,three
3549,thrive
3550,thriving
3551,throughout
3552,thus
3553,tie
3554,tier
3555,tiers
3556,tight
3557,tighter
3558,tightly
3559,time
3560,timeframe
3561,timelines
3562,timeliness
3563,timely
3564,times
3565,timing
3566,tin
3567,tipped
3568,tires
3569,title
3570,titled
3571,titles
3572,tms
3573,toc
3574,today
3575,together
3576,toilet
3577,tomorrow
3578,tony
3579,took
3580,tool
3581,tools
3582,top
3583,topic
3584,topics
3585,total
3586,touched
3587,touches
3588,tour
3589,toward
3590,towards
3591,toys
3592,tqm
3593,traceability
3594,traced
3595,track
3596,tracked
3597,tracking
3598,tracks
3599,trade
3600,trademark
3601,trading
3602,traditional
3603,traditionally
3604,train
3605,training
3606,trains
3607,tramarico
3608,transaction
3609,transactional
3610,transactions
3611,transcends
3612,transfer
3613,transferred
3614,transferring
3615,transform
3616,transformation
3617,transformations
3618,transformative
3619,transformed
3620,transforming
3621,transit
3622,transition
3623,transitioning
3624,transitions
3625,translated
3626,translates
3627,transmission
3628,transparency
3629,transparent
3630,transparently
3631,transport
3632,transportatio
3633,transportation
3634,transported
3635,transporters
3636,transporting
3637,treated
3638,trend
3639,trending
3640,trends
3641,tried
3642,tries
3643,trillions
3644,trim
3645,trio
3646,triple
3647,truck
3648,trucking
3649,trucks
3650,trust
3651,truth
3652,tsunami
3653,tungsten
3654,turn
3655,turned
3656,turning
3657,turnover
3658,twice
3659,twin
3660,twins
3661,two
3662,type
3663,types
3664,typical
3665,typically
3666,typology
3667,u
3668,uk
3669,ukraine
3670,ultimate
3671,ultimately
3672,ultra
3673,unanticipated
3674,unaudited
3675,unavailable
3676,uncertainty
3677,uncoordinated
3678,uncover
3679,uncovered
3680,undamaged
3681,undergo
3682,underpinning
3683,underrepresented
3684,underscores
3685,underscoring
3686,underserved
3687,understand
3688,understanding
3689,undertaken
3690,underutilizing
3691,unexpected
3692,unforeseen
3693,unified
3694,unify
3695,uninterrupted
3696,union
3697,unique
3698,unit
3699,united
3700,unitization
3701,units
3702,universidad
3703,universidade
3704,universities
3705,university
3706,unknown
3707,unlike
3708,unloading
3709,unlock
3710,unlocked
3711,unnecessarily
3712,unnecessary
3713,unpack
3714,unpacks
3715,unprecedented
3716,unpredictable
3717,unprocessed
3718,unprofitable
3719,unravel
3720,unsatisfied
3721,unsold
3722,unsourced
3723,unused
3724,unwanted
3725,update
3726,updated
3727,updates
3728,updating
3729,upfront
3730,upheaval
3731,upheld
3732,uphold
3733,upholding
3734,upholds
3735,upon
3736,upper
3737,upside
3738,upskilling
3739,upstream
3740,upward
3741,us
3742,usable
3743,usage
3744,use
3745,used
3746,useful
3747,user
3748,users
3749,uses
3750,using
3751,utilize
3752,utilizing
3753,vacuum
3754,valuable
3755,valuations
3756,value
3757,valued
3758,values
3759,van
3760,variabilities
3761,variability
3762,variation
3763,variations
3764,variety
3765,various
3766,vary
3767,varying
3768,vast
3769,ve
3770,vegetables
3771,vehicle
3772,vehicles
3773,velocity
3774,vendor
3775,vendors
3776,ventures
3777,verification
3778,verified
3779,verifies
3780,versa
3781,version
3782,versus
3783,vertical
3784,vetting
3785,vice
3786,victims
3787,vienna
3788,view
3789,viewed
3790,viewing
3791,vigilant
3792,virtual
3793,virtually
3794,vis
3795,visibility
3796,visible
3797,vision
3798,visionary
3799,visit
3800,vital
3801,vivid
3802,vlerick
3803,vmi
3804,vocabulary
3805,volatility
3806,volume
3807,volumes
3808,voluntary
3809,vs
3810,vte
3811,vulnerabilities
3812,vulnerability
3813,w
3814,wait
3815,wal
3816,wall
3817,wallenburg
3818,walls
3819,walmart
3820,want
3821,wanted
3822,war
3823,warehouse
3824,warehouses
3825,warehousing
3826,warrant
3827,warranty
3828,waste
3829,wasted
3830,water
3831,watson
3832,way
3833,ways
3834,weak
3835,wealth
3836,weather
3837,weaves
3838,web
3839,webinars
3840,welfare
3841,well
3842,western
3843,wheels
3844,whenever
3845,whereas
3846,whether
3847,whole
3848,wholesale
3849,wholesaler
3850,wholesalers
3851,whose
3852,wide
3853,widely
3854,widespread
3855,width
3856,wieland
3857,wikipedia
3858,willing
3859,window
3860,winning
3861,wip
3862,wipes
3863,wirtschaftswoche
3864,within
3865,without
3866,withstand
3867,wms
3868,wolfgang
3869,women
3870,won
3871,wording
3872,words
3873,work
3874,worked
3875,worker
3876,workers
3877,workflow
3878,workflows
3879,workforce
3880,working
3881,workings
3882,workplace
3883,works
3884,workshops
3885,world
3886,worldwide
3887,worst
3888,worthy
3889,would
3890,wright
3891,written
3892,wrong
3893,xyz
3894,year
3895,years
3896,yes
3897,yet
3898,yielded
3899,young
3900,zero
3901,zeroes
3902,zippers
3903,zones
