word,id
abandoned,0
abated,1
abby,2
abc,3
abilities,4
ability,5
able,6
abound,7
abruptly,8
academic,9
academics,10
acbsp,11
accelerate,12
accelerated,13
accept,14
acceptable,15
accepted,16
accepting,17
access,18
accessible,19
accidents,20
accommodate,21
accomplish,22
accomplished,23
according,24
accordingly,25
account,26
accountability,27
accounting,28
accreditation,29
accuracy,30
accurate,31
accurately,32
achieve,33
achieved,34
achievement,35
achieves,36
achieving,37
acknowledged,38
acquire,39
acquired,40
acquires,41
acquiring,42
acquisition,43
acquisitions,44
across,45
act,46
acting,47
action,48
actions,49
activities,50
activity,51
actors,52
acts,53
actual,54
actually,55
acumen,56
ada,57
adapt,58
adaptability,59
adaptable,60
adaptation,61
adapting,62
adaption,63
adaptive,64
adapts,65
add,66
added,67
adding,68
addition,69
additional,70
additionally,71
additive,72
address,73
addressed,74
addressing,75
adds,76
adept,77
adequate,78
adequately,79
adhere,80
adhered,81
adherence,82
adjust,83
adjusted,84
adjustment,85
administration,86
administrative,87
adopt,88
adopted,89
adopting,90
adoption,91
adult,92
advance,93
advanced,94
advancement,95
advancements,96
advances,97
advancing,98
advantage,99
advantages,100
advertise,101
advises,102
advocate,103
aerospace,104
affect,105
affecting,106
affects,107
african,108
aftermarket,109
age,110
agency,111
agenda,112
agent,113
agents,114
agile,115
agility,116
ago,117
agreements,118
agriculture,119
ahead,120
ai,121
aim,122
aimed,123
aiming,124
aims,125
air,126
al,127
alexander,128
algorithms,129
align,130
aligned,131
aligning,132
alignment,133
aligns,134
alike,135
allen,136
alliance,137
alliances,138
allocating,139
allocation,140
allocations,141
allow,142
allowing,143
allows,144
alone,145
along,146
already,147
also,148
altered,149
alternative,150
alternatives,151
although,152
always,153
amazon,154
ambitious,155
amenities,156
america,157
american,158
amid,159
among,160
amount,161
amu,162
analyse,163
analysis,164
analyst,165
analysts,166
analytical,167
analytics,168
analyze,169
analyzed,170
analyzing,171
ancient,172
andrew,173
announced,174
annual,175
anomalies,176
another,177
answer,178
anti,179
anticipate,180
anticipated,181
anticipating,182
anticipation,183
anywhere,184
ap,185
apics,186
app,187
appearance,188
apple,189
apples,190
appliances,191
applicants,192
application,193
applications,194
applied,195
applies,196
apply,197
approach,198
approaches,199
appropriate,200
appropriately,201
approximately,202
april,203
archetypes,204
arcs,205
area,206
areas,207
aren,208
arenas,209
argue,210
argued,211
arise,212
arises,213
arithmetic,214
arizona,215
arm,216
around,217
arrange,218
arrangements,219
arranging,220
arrival,221
arrive,222
arrives,223
article,224
articles,225
articulated,226
artificial,227
arts,228
ascm,229
asked,230
asks,231
asp,232
aspect,233
aspects,234
assemble,235
assembled,236
assemblies,237
assembling,238
assembly,239
assess,240
assesses,241
assessing,242
assessment,243
assessments,244
asset,245
assets,246
assistants,247
associate,248
associated,249
association,250
assume,251
assumptions,252
assurance,253
assuring,254
ast,255
asymmetries,256
atp,257
attachments,258
attacks,259
attain,260
attempts,261
attending,262
attention,263
attitude,264
attract,265
attribute,266
attuned,267
audit,268
auditing,269
audits,270
augmented,271
austin,272
authority,273
authorizing,274
authors,275
automate,276
automated,277
automatic,278
automating,279
automation,280
automobile,281
automobiles,282
automotive,283
autonomous,284
availability,285
available,286
average,287
aviation,288
avoid,289
avoids,290
await,291
award,292
awarding,293
awards,294
aware,295
awareness,296
away,297
azzi,298
b,299
baby,300
bachelor,301
back,302
backbone,303
backordered,304
backup,305
backups,306
backward,307
bad,308
baking,309
balance,310
balanced,311
balancing,312
ballet,313
bans,314
barcodes,315
bare,316
base,317
based,318
bases,319
basic,320
basics,321
basis,322
batch,323
batches,324
batteries,325
bearing,326
bears,327
became,328
become,329
becomes,330
becoming,331
began,332
begin,333
beginning,334
begins,335
behind,336
benchmarking,337
beneficial,338
benefit,339
benefits,340
benton,341
best,342
beta,343
better,344
beverage,345
beyond,346
big,347
bigger,348
biggest,349
billion,350
bills,351
biotech,352
bite,353
blend,354
blockchain,355
blockchains,356
blocked,357
bodies,358
body,359
bolts,360
book,361
books,362
boom,363
boost,364
boosting,365
booz,366
border,367
borders,368
born,369
bottlenecks,370
bottom,371
bought,372
bounce,373
boundaries,374
bowersox,375
box,376
branches,377
brand,378
breaches,379
break,380
breaking,381
breaks,382
breakthroughs,383
breath,384
breweries,385
bring,386
bringing,387
broad,388
broader,389
broadly,390
broken,391
broker,392
brokerages,393
brought,394
budget,395
budgets,396
buffers,397
build,398
builders,399
building,400
built,401
bulk,402
bulks,403
bureau,404
busiest,405
business,406
businesses,407
bustling,408
buttignol,409
buy,410
buyer,411
buyers,412
buying,413
buys,414
c,415
calculate,416
calculation,417
california,418
call,419
called,420
calls,421
cambridge,422
came,423
canada,424
canal,425
candidate,426
candy,427
canisters,428
cannot,429
canvas,430
capabilities,431
capability,432
capable,433
capacity,434
cape,435
capital,436
capitalize,437
capture,438
car,439
carbon,440
care,441
career,442
careful,443
carpet,444
carriers,445
carries,446
carry,447
cars,448
case,449
cases,450
cash,451
cast,452
castro,453
catastrophe,454
catastrophes,455
categories,456
categorize,457
category,458
catolica,459
cause,460
caused,461
causes,462
causing,463
cddp,464
cell,465
center,466
centered,467
centers,468
central,469
centralization,470
centralized,471
centralizing,472
centrally,473
centric,474
centroid,475
centroids,476
centuries,477
century,478
ceo,479
ceos,480
certain,481
certificate,482
certification,483
certifications,484
certified,485
certifying,486
cf,487
chain,488
chains,489
chair,490
challenge,491
challenged,492
challenges,493
change,494
changed,495
changes,496
changing,497
channel,498
channels,499
characteristics,500
characterized,501
chartered,502
chassis,503
chatbots,504
check,505
chemicals,506
cherry,507
chief,508
china,509
chinese,510
chips,511
choice,512
choices,513
choose,514
choosing,515
chopra,516
cips,517
circular,518
circularity,519
circulation,520
ciscm,521
citation,522
citations,523
cited,524
city,525
civilian,526
clarification,527
clark,528
class,529
classic,530
classification,531
classified,532
clean,533
cleaning,534
cleansheeting,535
clear,536
clearly,537
clients,538
climate,539
cliques,540
close,541
closely,542
closer,543
closest,544
closs,545
closures,546
cloth,547
clothe,548
clothing,549
cloud,550
cltd,551
co,552
coaching,553
codes,554
coercive,555
coffee,556
cogs,557
cohesion,558
cohesive,559
coined,560
cold,561
collaborate,562
collaborating,563
collaboration,564
collaborations,565
collaborative,566
collapse,567
colleagues,568
collect,569
collected,570
collection,571
collective,572
collectively,573
college,574
color,575
combination,576
combinations,577
combine,578
combined,579
combines,580
combining,581
come,582
comes,583
coming,584
commerce,585
commercial,586
commercialization,587
commission,588
commitment,589
committee,590
commodities,591
common,592
commonly,593
communicate,594
communicates,595
communication,596
communities,597
community,598
companies,599
company,600
compared,601
compares,602
comparing,603
comparison,604
compete,605
competencies,606
competency,607
competition,608
competitive,609
competitiveness,610
competitors,611
compiled,612
complement,613
complementary,614
complementing,615
completed,616
completely,617
completion,618
complex,619
complexities,620
complexity,621
compliance,622
compliances,623
compliant,624
complicate,625
complicated,626
component,627
components,628
composed,629
comprehensive,630
compression,631
comprise,632
comprises,633
compromising,634
computer,635
computerized,636
computers,637
computing,638
concentrate,639
concept,640
conceptual,641
concern,642
concerned,643
concerns,644
concert,645
concluded,646
conclusion,647
concrete,648
condition,649
conditions,650
conduct,651
conducted,652
conducting,653
configuration,654
configure,655
configured,656
confirming,657
confirms,658
conflict,659
conflicts,660
congo,661
conjunction,662
connect,663
connecting,664
connection,665
connections,666
connectivity,667
consciousness,668
consequence,669
consequences,670
consequent,671
consequently,672
consider,673
considerable,674
considerably,675
consideration,676
considered,677
considering,678
considers,679
consignee,680
consignment,681
consignor,682
consistency,683
consistent,684
consistently,685
consisting,686
consists,687
consolidate,688
consolidating,689
consolidation,690
constant,691
constantly,692
constellations,693
constraints,694
constructing,695
constructive,696
consultancies,697
consultant,698
consultants,699
consulting,700
consumer,701
consumers,702
consuming,703
consummate,704
consumption,705
contact,706
contacts,707
contain,708
contained,709
containers,710
contains,711
content,712
contents,713
context,714
continents,715
contingency,716
continually,717
continue,718
continued,719
continues,720
continuing,721
continuity,722
continuous,723
continuously,724
contract,725
contracting,726
contracts,727
contractual,728
contradicts,729
contrast,730
contrasted,731
contribute,732
contributed,733
contributes,734
contributing,735
control,736
controlled,737
controlling,738
controls,739
convenience,740
conversely,741
conversion,742
convert,743
convey,744
cookies,745
cooper,746
cooperate,747
cooperation,748
coordinate,749
coordinated,750
coordinates,751
coordinating,752
coordination,753
copenhagen,754
copies,755
core,756
cornerstone,757
coronavirus,758
corporate,759
corporations,760
correct,761
correcting,762
correctives,763
correctly,764
correlated,765
correlation,766
corridor,767
corruption,768
corvettes,769
cost,770
costlier,771
costly,772
costs,773
could,774
council,775
counterfeit,776
counterfeiting,777
countermeasures,778
counterparts,779
countries,780
country,781
counts,782
coupled,783
course,784
coursera,785
courses,786
cover,787
coverage,788
covering,789
covers,790
covid,791
cox,792
cpim,793
cpm,794
cpp,795
cpsm,796
cranfield,797
create,798
created,799
creates,800
creating,801
creation,802
creative,803
creativity,804
credibility,805
credit,806
crises,807
crisis,808
critical,809
crm,810
cross,811
crucial,812
csca,813
cscm,814
cscmp,815
cscp,816
cscs,817
ctl,818
cube,819
cultural,820
culture,821
cultures,822
cumbersome,823
cumulatively,824
curbing,825
currencies,826
current,827
currently,828
curve,829
custom,830
customer,831
customers,832
customization,833
customizing,834
cut,835
cutting,836
cyber,837
cyberattack,838
cybersecurity,839
cycle,840
cycles,841
d,842
daily,843
damage,844
damaged,845
damaging,846
dancers,847
dark,848
data,849
datasets,850
date,851
dates,852
daunting,853
day,854
days,855
dayton,856
de,857
deal,858
deals,859
dealt,860
debuted,861
decade,862
decades,863
decarbonize,864
decentralized,865
decided,866
decipher,867
decision,868
decisions,869
decomposed,870
decoupling,871
decrease,872
decreased,873
dedicated,874
deep,875
deeper,876
defective,877
defects,878
defer,879
defined,880
defines,881
defining,882
definitely,883
definition,884
definitions,885
deflating,886
deflation,887
degree,888
degrees,889
del,890
delay,891
delayed,892
delays,893
deliver,894
delivered,895
deliveries,896
delivering,897
delivers,898
delivery,899
dell,900
demand,901
demanding,902
demands,903
dematerialise,904
democratic,905
demonstrate,906
demonstrated,907
department,908
departments,909
depend,910
dependency,911
dependent,912
depending,913
depends,914
deploy,915
deployment,916
depth,917
depths,918
describe,919
described,920
describes,921
design,922
designated,923
designation,924
designations,925
designed,926
designers,927
designing,928
desired,929
desiring,930
desk,931
despite,932
destination,933
destinations,934
detail,935
detailing,936
details,937
detection,938
determine,939
determined,940
determines,941
determining,942
devastating,943
develop,944
developed,945
developing,946
development,947
developments,948
devices,949
diagram,950
dictate,951
dictated,952
dictionary,953
differ,954
difference,955
differences,956
different,957
differentiator,958
differently,959
difficult,960
digest,961
digital,962
digitally,963
digitization,964
digitize,965
digitized,966
digitizing,967
diligence,968
dimension,969
direct,970
direction,971
directly,972
director,973
directs,974
disassemble,975
disassembly,976
disaster,977
disasters,978
disciplinary,979
discipline,980
disciplines,981
discounts,982
discuss,983
discussed,984
discussion,985
discussions,986
dispatching,987
disposal,988
disposed,989
disposing,990
disputes,991
disrupt,992
disrupted,993
disruption,994
disruptions,995
disrupts,996
dissatisfaction,997
dissect,998
distances,999
distinct,1000
distinction,1001
distinctive,1002
distinguishes,1003
distinguishing,1004
distribute,1005
distributed,1006
distributers,1007
distributes,1008
distributing,1009
distribution,1010
distributions,1011
distributor,1012
distributors,1013
dive,1014
diverse,1015
diversification,1016
diversifying,1017
diversity,1018
divide,1019
divided,1020
division,1021
docking,1022
document,1023
documented,1024
documents,1025
dodd,1026
doesn,1027
dollars,1028
domain,1029
domains,1030
domestic,1031
donate,1032
done,1033
doorstep,1034
douglass,1035
download,1036
downloads,1037
downsizing,1038
downstream,1039
downtime,1040
dr,1041
dramatic,1042
drastically,1043
drawbacks,1044
drawn,1045
draws,1046
drilling,1047
drive,1048
driven,1049
drivers,1050
drives,1051
driving,1052
drones,1053
drop,1054
dropshipping,1055
drucker,1056
drug,1057
due,1058
durable,1059
dyads,1060
dyer,1061
dynamic,1062
dynamically,1063
dynamics,1064
e,1065
earlier,1066
early,1067
earned,1068
earning,1069
earth,1070
earthquake,1071
easier,1072
easiest,1073
easily,1074
east,1075
easy,1076
eat,1077
eaton,1078
ebit,1079
ebitda,1080
eco,1081
ecological,1082
economic,1083
economical,1084
economics,1085
economies,1086
economy,1087
ecosystem,1088
edge,1089
edi,1090
edit,1091
edition,1092
eduardo,1093
education,1094
educational,1095
eduniversal,1096
edx,1097
effect,1098
effective,1099
effectively,1100
effectiveness,1101
effects,1102
efficacy,1103
efficiencies,1104
efficiency,1105
efficient,1106
efficiently,1107
effort,1108
efforts,1109
eindhoven,1110
either,1111
electric,1112
electrical,1113
electricity,1114
electronic,1115
electronics,1116
element,1117
elements,1118
eliminate,1119
eliminated,1120
eliminating,1121
elongated,1122
else,1123
elsewhere,1124
embedded,1125
embedding,1126
embodies,1127
embrace,1128
embraced,1129
embracing,1130
emerge,1131
emerged,1132
emergency,1133
emergent,1134
emerging,1135
emission,1136
emissions,1137
emphasis,1138
emphasized,1139
emphasizes,1140
emphasizing,1141
empirical,1142
employee,1143
employees,1144
employing,1145
empower,1146
empty,1147
enable,1148
enabled,1149
enablement,1150
enables,1151
enabling,1152
encompass,1153
encompasses,1154
encompassing,1155
encourage,1156
encouraged,1157
encourages,1158
encouraging,1159
encrypting,1160
encyclopedia,1161
encyclopedic,1162
end,1163
endeavor,1164
ending,1165
endpoint,1166
ends,1167
endures,1168
enduring,1169
energy,1170
engage,1171
engaged,1172
engagement,1173
engages,1174
engaging,1175
engineering,1176
engineers,1177
engines,1178
enhance,1179
enhanced,1180
enhancing,1181
enough,1182
ensure,1183
ensured,1184
ensures,1185
ensuring,1186
entails,1187
enter,1188
enterprise,1189
enterprises,1190
entire,1191
entirely,1192
entities,1193
entity,1194
entry,1195
environment,1196
environmental,1197
environmentally,1198
environments,1199
envision,1200
eoq,1201
equally,1202
equation,1203
equipment,1204
equipping,1205
equitable,1206
era,1207
ericsson,1208
ernest,1209
ernst,1210
erp,1211
errors,1212
escalated,1213
esg,1214
especially,1215
essence,1216
essential,1217
essentials,1218
establish,1219
established,1220
establishing,1221
estimated,1222
et,1223
etc,1224
ethical,1225
ethically,1226
ethics,1227
europe,1228
european,1229
evaluate,1230
evaluating,1231
evaluators,1232
even,1233
events,1234
eventual,1235
eventually,1236
ever,1237
every,1238
everyone,1239
everything,1240
evidence,1241
evident,1242
evolution,1243
evolve,1244
evolved,1245
evolves,1246
evolving,1247
exact,1248
exam,1249
examination,1250
examine,1251
examined,1252
example,1253
examples,1254
exams,1255
exceed,1256
exceeding,1257
excellence,1258
excellent,1259
exceptions,1260
excess,1261
exchange,1262
exchanges,1263
exciting,1264
execute,1265
executed,1266
executing,1267
execution,1268
executive,1269
executives,1270
exercise,1271
exist,1272
existing,1273
exit,1274
expand,1275
expanded,1276
expanding,1277
expanse,1278
expansion,1279
expansive,1280
expect,1281
expectation,1282
expectations,1283
expected,1284
expects,1285
expedite,1286
expense,1287
expenses,1288
expensive,1289
experience,1290
experiences,1291
expert,1292
expertise,1293
experts,1294
expiration,1295
explaining,1296
exploit,1297
exploitation,1298
exploration,1299
explore,1300
explored,1301
exploring,1302
exponential,1303
export,1304
exposed,1305
exposing,1306
exposure,1307
extend,1308
extended,1309
extending,1310
extends,1311
extensive,1312
extensively,1313
external,1314
extra,1315
extracted,1316
extracting,1317
extraction,1318
extreme,1319
extremes,1320
eye,1321
fabric,1322
face,1323
faced,1324
faces,1325
facilitate,1326
facilitates,1327
facilitating,1328
facilitators,1329
facilities,1330
facility,1331
facing,1332
factor,1333
factories,1334
factors,1335
factory,1336
fail,1337
failed,1338
failure,1339
fair,1340
fairly,1341
fall,1342
falls,1343
familiarity,1344
faqs,1345
far,1346
farther,1347
fashion,1348
fast,1349
faster,1350
faulty,1351
favor,1352
favorable,1353
feasible,1354
features,1355
february,1356
feed,1357
feedback,1358
feelings,1359
fees,1360
fencing,1361
fewer,1362
field,1363
fields,1364
fifo,1365
fight,1366
fighter,1367
figure,1368
figuring,1369
fill,1370
filling,1371
final,1372
finally,1373
finance,1374
finances,1375
financial,1376
find,1377
finding,1378
findings,1379
fingertips,1380
finish,1381
finished,1382
firefighting,1383
firm,1384
firms,1385
first,1386
fit,1387
fits,1388
five,1389
fixed,1390
flashcard,1391
flawed,1392
fleet,1393
flexibility,1394
flexible,1395
flip,1396
floor,1397
floors,1398
flow,1399
flows,1400
fluctuating,1401
fluctuation,1402
fluctuations,1403
fluids,1404
flurry,1405
flux,1406
focus,1407
focused,1408
focuses,1409
focusing,1410
followed,1411
following,1412
follows,1413
food,1414
foods,1415
footprint,1416
footprints,1417
forbes,1418
forced,1419
forces,1420
ford,1421
forecast,1422
forecasted,1423
forecasting,1424
forecasts,1425
forefront,1426
foreign,1427
foresee,1428
foreseeable,1429
foresight,1430
forest,1431
forfeiting,1432
forge,1433
form,1434
formal,1435
formats,1436
former,1437
forms,1438
formula,1439
formulas,1440
forum,1441
forums,1442
forward,1443
foster,1444
fostering,1445
fosters,1446
found,1447
foundation,1448
foundations,1449
four,1450
fourth,1451
framework,1452
frank,1453
fraud,1454
fred,1455
free,1456
freight,1457
french,1458
frequency,1459
frequent,1460
frequently,1461
fresh,1462
friendly,1463
front,1464
fruits,1465
frustrations,1466
fuel,1467
fulfill,1468
fulfilled,1469
fulfilling,1470
fulfillment,1471
fulfills,1472
fulfilment,1473
full,1474
fully,1475
function,1476
functional,1477
functionality,1478
functioning,1479
functions,1480
fundamental,1481
fundamentally,1482
fundamentals,1483
funds,1484
furniture,1485
fuss,1486
future,1487
g,1488
gadget,1489
gain,1490
gained,1491
gaining,1492
gains,1493
gap,1494
gaps,1495
gartner,1496
gas,1497
gauge,1498
gave,1499
gaze,1500
gear,1501
geared,1502
general,1503
generally,1504
generate,1505
generated,1506
generation,1507
generic,1508
geographical,1509
geographically,1510
geographies,1511
geopolitical,1512
germany,1513
get,1514
gets,1515
getting,1516
giant,1517
giunipero,1518
give,1519
given,1520
gives,1521
giving,1522
gln,1523
global,1524
globalization,1525
globally,1526
globe,1527
glyn,1528
go,1529
goal,1530
goals,1531
goes,1532
going,1533
gold,1534
good,1535
goods,1536
google,1537
gordon,1538
got,1539
governance,1540
government,1541
governmental,1542
governments,1543
gpo,1544
grasp,1545
grasping,1546
great,1547
greater,1548
greatest,1549
greatly,1550
green,1551
greenhouse,1552
grew,1553
gritty,1554
group,1555
groups,1556
grow,1557
growing,1558
grown,1559
grows,1560
growth,1561
guarantee,1562
guidance,1563
guide,1564
guidelines,1565
guides,1566
guiding,1567
half,1568
halldorsson,1569
hamburger,1570
hamilton,1571
hand,1572
handfield,1573
handle,1574
handled,1575
handles,1576
handling,1577
hands,1578
happen,1579
happier,1580
harmful,1581
harmonious,1582
harmony,1583
harness,1584
harnessing,1585
harsh,1586
harvard,1587
harvey,1588
hashing,1589
hassle,1590
hauled,1591
hauling,1592
hbr,1593
head,1594
health,1595
healthcare,1596
healthy,1597
heart,1598
heat,1599
heavily,1600
hedging,1601
heightened,1602
held,1603
helene,1604
help,1605
helped,1606
helpful,1607
helping,1608
helps,1609
hence,1610
henkel,1611
hewlett,1612
hey,1613
hiccups,1614
hierarchy,1615
high,1616
higher,1617
highest,1618
highlight,1619
highlighted,1620
highlights,1621
highly,1622
hines,1623
hinges,1624
historians,1625
historical,1626
historically,1627
history,1628
hit,1629
hitches,1630
hoarded,1631
hold,1632
holding,1633
holds,1634
holiday,1635
holistic,1636
holistically,1637
home,1638
horizontal,1639
hospital,1640
hospitality,1641
hospitals,1642
hosting,1643
hotel,1644
house,1645
however,1646
hubs,1647
huge,1648
hult,1649
human,1650
humanitarian,1651
hurricane,1652
hyperlocal,1653
hypothesis,1654
ibp,1655
icon,1656
idea,1657
ideal,1658
ideally,1659
ideas,1660
identification,1661
identified,1662
identifies,1663
identify,1664
identifying,1665
idle,1666
iec,1667
ii,1668
iipmr,1669
illuminate,1670
illustrate,1671
illustrating,1672
illustration,1673
image,1674
immediate,1675
immediately,1676
immutability,1677
immutable,1678
impact,1679
impacting,1680
impacts,1681
impediments,1682
implement,1683
implementation,1684
implemented,1685
implementing,1686
implications,1687
import,1688
importance,1689
important,1690
importing,1691
impossible,1692
improve,1693
improved,1694
improvement,1695
improvements,1696
improves,1697
improving,1698
inability,1699
inaccurately,1700
inadequate,1701
inappropriate,1702
inbound,1703
inbox,1704
incentives,1705
inception,1706
incidents,1707
include,1708
included,1709
includes,1710
including,1711
inclusive,1712
incoming,1713
inconsistency,1714
inconsistent,1715
incorporate,1716
incorporates,1717
incorporating,1718
increase,1719
increased,1720
increases,1721
increasing,1722
increasingly,1723
incremental,1724
incur,1725
incurring,1726
independent,1727
index,1728
indicate,1729
individual,1730
individuals,1731
induce,1732
induced,1733
industrial,1734
industries,1735
industry,1736
inefficiencies,1737
inefficient,1738
inertia,1739
inevitable,1740
inflating,1741
inflation,1742
inflationary,1743
influence,1744
influencing,1745
influential,1746
inform,1747
informal,1748
information,1749
informed,1750
informing,1751
infrastructure,1752
ingredients,1753
inherent,1754
inherently,1755
initial,1756
initially,1757
initiate,1758
initiating,1759
initiation,1760
initiative,1761
initiatives,1762
innovate,1763
innovation,1764
innovations,1765
innovative,1766
input,1767
inputs,1768
insead,1769
insight,1770
insights,1771
insolvency,1772
insourcing,1773
inspected,1774
inspection,1775
instability,1776
instance,1777
instant,1778
instead,1779
institute,1780
institution,1781
institutional,1782
institutions,1783
instructed,1784
insurance,1785
int,1786
integral,1787
integrate,1788
integrated,1789
integrates,1790
integrating,1791
integration,1792
integrative,1793
integrity,1794
intellectual,1795
intelligence,1796
intended,1797
intensify,1798
intensity,1799
intentions,1800
inter,1801
interacted,1802
interactions,1803
interactive,1804
interacts,1805
interchange,1806
interchangeably,1807
interconnected,1808
interconnectedness,1809
interdependent,1810
interdisciplinarity,1811
interest,1812
interested,1813
interestingly,1814
interface,1815
interfaces,1816
interlinked,1817
intermediaries,1818
internal,1819
international,1820
internet,1821
interorganizational,1822
interpersonal,1823
interplay,1824
interpret,1825
interpretation,1826
interpretations,1827
interpreted,1828
interrelated,1829
interrelation,1830
interruptions,1831
intersect,1832
intertwined,1833
interview,1834
intricacies,1835
intricate,1836
introduce,1837
introduced,1838
introduction,1839
introductory,1840
invaluable,1841
invasion,1842
inventories,1843
inventory,1844
invest,1845
investigative,1846
investing,1847
investment,1848
investments,1849
investopedia,1850
invoice,1851
invoicing,1852
involve,1853
involved,1854
involvement,1855
involves,1856
involving,1857
ioscm,1858
iot,1859
ir,1860
iron,1861
irreparable,1862
iscea,1863
island,1864
ism,1865
isn,1866
iso,1867
issuance,1868
issue,1869
issued,1870
issues,1871
item,1872
items,1873
iv,1874
james,1875
japan,1876
japanese,1877
jargon,1878
jenkins,1879
jenkinsabby,1880
jersey,1881
jets,1882
jit,1883
job,1884
jobs,1885
joe,1886
john,1887
join,1888
joint,1889
jointly,1890
journal,1891
journals,1892
journey,1893
jr,1894
judgmental,1895
july,1896
june,1897
jurisdictions,1898
kbv,1899
kearney,1900
kedge,1901
keep,1902
keeping,1903
keeps,1904
keg,1905
keiretsu,1906
keith,1907
kept,1908
ketchen,1909
key,1910
kimberly,1911
kind,1912
kinds,1913
kingdom,1914
km,1915
knocks,1916
know,1917
knowing,1918
knowledge,1919
known,1920
korean,1921
kucher,1922
l,1923
la,1924
labeling,1925
labor,1926
lack,1927
lacks,1928
lagging,1929
lambert,1930
land,1931
landfills,1932
landscape,1933
language,1934
languages,1935
laptops,1936
large,1937
largely,1938
larger,1939
largest,1940
larry,1941
last,1942
lasting,1943
late,1944
later,1945
latest,1946
latter,1947
launched,1948
laundry,1949
lavassani,1950
law,1951
laws,1952
layers,1953
laying,1954
lead,1955
leaders,1956
leadership,1957
leading,1958
leads,1959
leakage,1960
lean,1961
learn,1962
learned,1963
learners,1964
learning,1965
leased,1966
least,1967
leave,1968
led,1969
ledger,1970
lee,1971
left,1972
legal,1973
legally,1974
legitimate,1975
lengthy,1976
lens,1977
lent,1978
less,1979
lessens,1980
lessons,1981
let,1982
lets,1983
letting,1984
level,1985
levels,1986
leverage,1987
leveraged,1988
leverages,1989
leveraging,1990
liaison,1991
lies,1992
life,1993
lifecycle,1994
lifeline,1995
lifo,1996
light,1997
lighthouse,1998
lighting,1999
like,2000
likely,2001
limitations,2002
limited,2003
line,2004
linear,2005
linens,2006
lines,2007
link,2008
linkage,2009
linked,2010
links,2011
liquidators,2012
lisboa,2013
list,2014
literature,2015
little,2016
live,2017
lives,2018
ll,2019
loading,2020
local,2021
localization,2022
localized,2023
locally,2024
located,2025
location,2026
locations,2027
logic,2028
logistic,2029
logistical,2030
logistician,2031
logisticians,2032
logistics,2033
londe,2034
london,2035
long,2036
longer,2037
look,2038
looked,2039
looking,2040
lookout,2041
looks,2042
looming,2043
loop,2044
loops,2045
loosely,2046
lose,2047
losing,2048
loss,2049
losses,2050
lost,2051
lot,2052
low,2053
lower,2054
lowered,2055
lowering,2056
lowers,2057
lowest,2058
loyalty,2059
lump,2060
m,2061
machine,2062
machines,2063
made,2064
magnitude,2065
mail,2066
main,2067
maintain,2068
maintained,2069
maintaining,2070
maintains,2071
maintenance,2072
major,2073
make,2074
makers,2075
makes,2076
making,2077
maloni,2078
manage,2079
managed,2080
management,2081
manager,2082
managerial,2083
managers,2084
manages,2085
managing,2086
mandate,2087
mandates,2088
manner,2089
manpower,2090
manual,2091
manuals,2092
manufacture,2093
manufacturer,2094
manufacturers,2095
manufactures,2096
manufacturing,2097
many,2098
map,2099
mapped,2100
margins,2101
maritime,2102
marked,2103
markers,2104
market,2105
marketable,2106
marketing,2107
marketplace,2108
markets,2109
markups,2110
mart,2111
masks,2112
mass,2113
massachusetts,2114
master,2115
masters,2116
match,2117
material,2118
materials,2119
mathematical,2120
mathematics,2121
matrix,2122
matters,2123
mature,2124
matured,2125
maturity,2126
maximize,2127
maximizes,2128
maximizing,2129
maximum,2130
may,2131
mckinsey,2132
mean,2133
meaning,2134
means,2135
meant,2136
meanwhile,2137
measure,2138
measured,2139
measurement,2140
measures,2141
measuring,2142
mechanisms,2143
mechanization,2144
media,2145
mediated,2146
medical,2147
medicine,2148
medicines,2149
medium,2150
meet,2151
meeting,2152
meets,2153
megafactory,2154
meindl,2155
members,2156
memory,2157
mentorship,2158
mentzer,2159
merchandise,2160
merchandising,2161
mercy,2162
mere,2163
merely,2164
merges,2165
message,2166
met,2167
metal,2168
metals,2169
method,2170
methodologies,2171
methodology,2172
methods,2173
metrics,2174
mexico,2175
mi,2176
michael,2177
michela,2178
michigan,2179
microlearnings,2180
micromasters,2181
mid,2182
middle,2183
middlemen,2184
midsize,2185
midsized,2186
might,2187
miles,2188
military,2189
mind,2190
mined,2191
minerals,2192
minimal,2193
minimize,2194
minimized,2195
minimizes,2196
minimizing,2197
minimum,2198
minority,2199
miracles,2200
misalignment,2201
misconception,2202
mismatches,2203
missed,2204
missing,2205
mission,2206
missions,2207
mississippi,2208
mistakes,2209
mit,2210
mitigate,2211
mitigating,2212
mitigation,2213
mix,2214
ml,2215
mlm,2216
mobile,2217
mobility,2218
model,2219
models,2220
modern,2221
modernizing,2222
modes,2223
modules,2224
monczka,2225
monetary,2226
money,2227
monitor,2228
monitored,2229
monitoring,2230
month,2231
moq,2232
moqs,2233
mostly,2234
motion,2235
motivation,2236
motor,2237
move,2238
moved,2239
movement,2240
movements,2241
moves,2242
moving,2243
mro,2244
mrp,2245
much,2246
multidisciplinary,2247
multifaceted,2248
multimethod,2249
multinational,2250
multinationals,2251
multiple,2252
multitier,2253
multitude,2254
must,2255
mutual,2256
mutually,2257
narrative,2258
narrow,2259
narrower,2260
nation,2261
national,2262
natural,2263
nature,2264
navigate,2265
navigating,2266
near,2267
nearly,2268
necessarily,2269
necessary,2270
necessitate,2271
necessity,2272
need,2273
needed,2274
needing,2275
needs,2276
negative,2277
negatively,2278
negotiate,2279
negotiated,2280
negotiates,2281
negotiating,2282
negotiation,2283
negotiations,2284
neither,2285
nerve,2286
net,2287
netsuite,2288
network,2289
networked,2290
networks,2291
neutral,2292
never,2293
new,2294
newest,2295
next,2296
ngos,2297
nice,2298
nichols,2299
nitty,2300
node,2301
non,2302
noncompliant,2303
normal,2304
normalizing,2305
north,2306
notable,2307
note,2308
noted,2309
notice,2310
notion,2311
notions,2312
nova,2313
np,2314
nuances,2315
nucleus,2316
number,2317
numbering,2318
numbers,2319
numerous,2320
nurture,2321
nuts,2322
obama,2323
object,2324
objective,2325
objectives,2326
obligations,2327
observed,2328
obsolete,2329
obstacles,2330
obstruction,2331
obtain,2332
obtaining,2333
occupations,2334
occur,2335
occurrence,2336
occurs,2337
october,2338
oem,2339
oems,2340
offer,2341
offered,2342
offering,2343
offerings,2344
offers,2345
office,2346
officer,2347
offloaded,2348
offs,2349
often,2350
ohio,2351
oil,2352
oils,2353
oldest,2354
oliver,2355
oms,2356
one,2357
ones,2358
ongoing,2359
online,2360
op,2361
opdw,2362
open,2363
opens,2364
operate,2365
operates,2366
operating,2367
operation,2368
operational,2369
operations,2370
operative,2371
opinions,2372
opportunities,2373
opposed,2374
opposite,2375
optimal,2376
optimally,2377
optimization,2378
optimize,2379
optimized,2380
optimizes,2381
optimizing,2382
optimum,2383
optimums,2384
opting,2385
optional,2386
options,2387
orchestrating,2388
orchestration,2389
order,2390
ordered,2391
ordering,2392
orders,2393
ore,2394
organically,2395
organisations,2396
organization,2397
organizational,2398
organizations,2399
organize,2400
organized,2401
organizes,2402
organizing,2403
orientation,2404
origin,2405
original,2406
originally,2407
originated,2408
origins,2409
others,2410
otherwise,2411
outbound,2412
outcome,2413
outcomes,2414
outliers,2415
outlines,2416
outlining,2417
outputs,2418
outside,2419
outsource,2420
outsourced,2421
outsourcing,2422
outweigh,2423
overall,2424
overcome,2425
overheads,2426
overlap,2427
overlooked,2428
oversee,2429
overseeing,2430
oversees,2431
oversight,2432
overstock,2433
overstocked,2434
overstocking,2435
overstocks,2436
owned,2437
owner,2438
owners,2439
ownership,2440
p,2441
pace,2442
paces,2443
package,2444
packaging,2445
packard,2446
packing,2447
page,2448
paid,2449
paint,2450
pallets,2451
panarchical,2452
pandemic,2453
pandemics,2454
paper,2455
par,2456
paradigms,2457
paramount,2458
part,2459
parted,2460
partial,2461
participant,2462
participants,2463
participate,2464
participates,2465
participating,2466
participation,2467
particular,2468
particularly,2469
parties,2470
partner,2471
partnered,2472
partners,2473
partnership,2474
partnerships,2475
parts,2476
partsch,2477
party,2478
pass,2479
passed,2480
passing,2481
passionate,2482
past,2483
path,2484
paths,2485
pathway,2486
patterns,2487
patterson,2488
pave,2489
pay,2490
paying,2491
payment,2492
payments,2493
pays,2494
peace,2495
peaks,2496
peers,2497
penalties,2498
penetration,2499
penn,2500
people,2501
per,2502
perceived,2503
percent,2504
percentage,2505
perception,2506
perennial,2507
perfected,2508
perfectly,2509
perform,2510
performance,2511
performed,2512
performing,2513
period,2514
periodic,2515
periodically,2516
periodicals,2517
periods,2518
perishable,2519
perpetual,2520
perpetually,2521
persist,2522
persistence,2523
person,2524
perspective,2525
perspectives,2526
pertinent,2527
peru,2528
peter,2529
petrochemical,2530
pharmaceutical,2531
phase,2532
phases,2533
phasing,2534
phone,2535
physical,2536
physics,2537
picking,2538
picture,2539
piece,2540
piloting,2541
pivot,2542
pivotal,2543
place,2544
placed,2545
placement,2546
places,2547
plan,2548
plane,2549
planes,2550
planet,2551
planned,2552
planner,2553
planners,2554
planning,2555
plans,2556
plant,2557
plants,2558
plastics,2559
platform,2560
platforms,2561
play,2562
played,2563
player,2564
players,2565
playing,2566
plays,2567
please,2568
plentiful,2569
plenty,2570
plug,2571
po,2572
pod,2573
pods,2574
point,2575
pointed,2576
points,2577
policies,2578
policy,2579
political,2580
pollution,2581
pontificia,2582
poor,2583
popular,2584
popularity,2585
population,2586
portal,2587
portals,2588
ports,2589
pose,2590
position,2591
positioning,2592
positions,2593
positive,2594
possibilities,2595
possible,2596
post,2597
postponement,2598
potential,2599
potentially,2600
power,2601
powered,2602
powerful,2603
practice,2604
practices,2605
practitioner,2606
practitioners,2607
preceding,2608
precise,2609
precision,2610
predict,2611
predictable,2612
predicting,2613
predictive,2614
preemptively,2615
preferences,2616
preferred,2617
prepare,2618
prepared,2619
preparedness,2620
preparing,2621
prepped,2622
prescription,2623
presence,2624
present,2625
presented,2626
presents,2627
preserve,2628
president,2629
pressure,2630
pressures,2631
prevailed,2632
prevailing,2633
prevalent,2634
prevent,2635
preventing,2636
prevents,2637
previously,2638
price,2639
prices,2640
pricing,2641
primarily,2642
primary,2643
prime,2644
principles,2645
printing,2646
priorities,2647
prioritize,2648
prioritizing,2649
priority,2650
proactive,2651
probabilities,2652
problem,2653
problems,2654
procedure,2655
proceed,2656
process,2657
processes,2658
processing,2659
procure,2660
procured,2661
procurement,2662
procurify,2663
procuring,2664
produce,2665
produced,2666
producer,2667
producers,2668
produces,2669
producing,2670
product,2671
production,2672
productive,2673
productivity,2674
products,2675
profession,2676
professional,2677
professionals,2678
proficient,2679
profile,2680
profit,2681
profitability,2682
profitable,2683
profits,2684
profound,2685
program,2686
programmes,2687
programs,2688
progress,2689
progressed,2690
progressive,2691
project,2692
projected,2693
projections,2694
projects,2695
proliferation,2696
prolonged,2697
prominence,2698
promise,2699
promoting,2700
promotional,2701
promptly,2702
proof,2703
propel,2704
propelled,2705
propels,2706
proper,2707
properly,2708
properties,2709
property,2710
proportion,2711
proposes,2712
proposition,2713
protected,2714
protecting,2715
protection,2716
protects,2717
protocols,2718
prototype,2719
proved,2720
provide,2721
provided,2722
provider,2723
providers,2724
provides,2725
providing,2726
provision,2727
prowess,2728
prudent,2729
public,2730
publication,2731
published,2732
publisher,2733
publishers,2734
pull,2735
purchase,2736
purchaser,2737
purchasers,2738
purchases,2739
purchasing,2740
purdue,2741
purpose,2742
purposes,2743
purse,2744
pursue,2745
pursuing,2746
push,2747
put,2748
puts,2749
putting,2750
qrm,2751
qualifications,2752
qualifying,2753
qualities,2754
quality,2755
quantified,2756
quantities,2757
quantity,2758
quantum,2759
quartile,2760
quell,2761
question,2762
questions,2763
quick,2764
quicker,2765
quickly,2766
r,2767
rabbit,2768
radio,2769
rail,2770
railroad,2771
raise,2772
raised,2773
range,2774
ranging,2775
rank,2776
ranking,2777
rankings,2778
ranks,2779
rapid,2780
rapidly,2781
rapport,2782
rare,2783
rate,2784
rates,2785
rather,2786
ratings,2787
raven,2788
raw,2789
rbv,2790
rcm,2791
re,2792
reach,2793
reached,2794
reaches,2795
reaching,2796
reactive,2797
read,2798
reading,2799
ready,2800
real,2801
realistically,2802
reality,2803
realize,2804
realized,2805
realizes,2806
really,2807
realm,2808
realms,2809
reason,2810
reasons,2811
recall,2812
recalled,2813
recalls,2814
receipt,2815
receive,2816
received,2817
receives,2818
receiving,2819
recent,2820
recently,2821
reciprocity,2822
recirculation,2823
recognition,2824
recognizable,2825
recognize,2826
recognized,2827
recognizes,2828
recommends,2829
reconditioning,2830
record,2831
recorded,2832
records,2833
recover,2834
recruitment,2835
rectify,2836
recycle,2837
recycled,2838
recycling,2839
red,2840
redefine,2841
redeployment,2842
redesign,2843
redirecting,2844
reduce,2845
reduced,2846
reduces,2847
reducing,2848
reduction,2849
reductions,2850
reengineering,2851
reevaluating,2852
refer,2853
reference,2854
references,2855
referent,2856
referred,2857
refers,2858
refill,2859
refine,2860
refineries,2861
refining,2862
refocused,2863
reform,2864
reforms,2865
refurbishment,2866
refusal,2867
regard,2868
regarded,2869
regarding,2870
regardless,2871
regimes,2872
region,2873
regional,2874
regions,2875
registered,2876
regular,2877
regularity,2878
regularly,2879
regulated,2880
regulation,2881
regulations,2882
regulators,2883
regulatory,2884
reinstated,2885
related,2886
relation,2887
relational,2888
relationship,2889
relationships,2890
relatively,2891
release,2892
relentless,2893
relevance,2894
relevant,2895
reliability,2896
reliable,2897
reliably,2898
reliance,2899
relied,2900
relies,2901
relocated,2902
rely,2903
remain,2904
remainder,2905
remaining,2906
remains,2907
remanufacturing,2908
remarkable,2909
reminder,2910
remove,2911
removed,2912
removing,2913
rendering,2914
renegotiate,2915
renegotiated,2916
renegotiating,2917
renewable,2918
renewals,2919
rental,2920
rented,2921
reorder,2922
reordering,2923
repair,2924
repairable,2925
repaired,2926
repairs,2927
replacement,2928
replacements,2929
replenish,2930
replenishing,2931
replenishment,2932
replicates,2933
report,2934
reported,2935
reporting,2936
reports,2937
represent,2938
representation,2939
represents,2940
republic,2941
repurpose,2942
reputation,2943
request,2944
requests,2945
require,2946
required,2947
requirements,2948
requires,2949
requiring,2950
resale,2951
research,2952
researchers,2953
researching,2954
resell,2955
resellers,2956
resending,2957
reserve,2958
reshaped,2959
reshaping,2960
resilience,2961
resiliency,2962
resilient,2963
resins,2964
resold,2965
resolve,2966
resonate,2967
resource,2968
resources,2969
respect,2970
respective,2971
respectively,2972
respond,2973
respondents,2974
responding,2975
response,2976
responses,2977
responsibilities,2978
responsibility,2979
responsible,2980
responsibly,2981
responsive,2982
responsiveness,2983
rest,2984
restaurants,2985
restrictions,2986
restructure,2987
result,2988
resulted,2989
resulting,2990
results,2991
resumption,2992
retail,2993
retailer,2994
retailers,2995
retain,2996
retains,2997
retrieval,2998
return,2999
returned,3000
returning,3001
returns,3002
reuse,3003
reused,3004
revealing,3005
revenue,3006
revenues,3007
reverse,3008
review,3009
reviewing,3010
reviews,3011
revise,3012
revolution,3013
revolutionized,3014
revolutionizing,3015
revolve,3016
reward,3017
rewarding,3018
rfid,3019
right,3020
rights,3021
rigorously,3022
ring,3023
ripple,3024
rise,3025
rises,3026
rising,3027
risk,3028
risks,3029
rivals,3030
river,3031
riverside,3032
road,3033
roadblocks,3034
roadmap,3035
robert,3036
robotic,3037
robotics,3038
robust,3039
robustness,3040
role,3041
roles,3042
rollout,3043
rolls,3044
root,3045
roots,3046
rose,3047
rotating,3048
rotterdam,3049
roughly,3050
route,3051
routes,3052
routine,3053
rpa,3054
rubber,3055
rule,3056
rules,3057
run,3058
rundown,3059
running,3060
runs,3061
russian,3062
rutgers,3063
saas,3064
sacrificing,3065
safe,3066
safety,3067
said,3068
sale,3069
sales,3070
sanctions,3071
sanderson,3072
sanitizers,3073
satellites,3074
satisfaction,3075
satisfy,3076
satisfying,3077
savar,3078
save,3079
saves,3080
saving,3081
savings,3082
savvy,3083
saw,3084
say,3085
says,3086
sc,3087
scalable,3088
scale,3089
scarcity,3090
scenario,3091
scenarios,3092
schedule,3093
schedules,3094
scheduling,3095
schemes,3096
schneider,3097
school,3098
schools,3099
scm,3100
scma,3101
scmp,3102
scope,3103
scopes,3104
scor,3105
score,3106
scrap,3107
scratching,3108
screws,3109
sct,3110
sea,3111
seamless,3112
seamlessly,3113
searchable,3114
seasonal,3115
sec,3116
sech,3117
second,3118
secondary,3119
section,3120
sections,3121
sector,3122
sectors,3123
secure,3124
secures,3125
securing,3126
securities,3127
security,3128
see,3129
seek,3130
seeking,3131
seeks,3132
seen,3133
segment,3134
select,3135
selected,3136
selecting,3137
selection,3138
selects,3139
self,3140
sell,3141
seller,3142
sellers,3143
selling,3144
sells,3145
semanik,3146
semi,3147
seminal,3148
send,3149
senior,3150
sense,3151
sensing,3152
sensitive,3153
sensitivities,3154
sensors,3155
sent,3156
separate,3157
sequence,3158
sequential,3159
series,3160
serious,3161
serve,3162
served,3163
serves,3164
service,3165
services,3166
serving,3167
sessions,3168
set,3169
setbacks,3170
sets,3171
setting,3172
several,3173
severe,3174
severely,3175
shane,3176
shape,3177
shapes,3178
shaping,3179
share,3180
shared,3181
sharing,3182
sharp,3183
shedding,3184
shelves,3185
shield,3186
shift,3187
shifted,3188
shifting,3189
shifts,3190
ship,3191
shipment,3192
shipments,3193
shipped,3194
shipping,3195
ships,3196
shock,3197
shocks,3198
shoring,3199
short,3200
shortage,3201
shortages,3202
shorten,3203
shortened,3204
shortening,3205
shorter,3206
shouldn,3207
show,3208
showcased,3209
showcasing,3210
showed,3211
showing,3212
shown,3213
shows,3214
shut,3215
side,3216
sigma,3217
signed,3218
significance,3219
significant,3220
significantly,3221
signs,3222
silos,3223
similar,3224
similarities,3225
similarly,3226
simon,3227
simplifies,3228
simplify,3229
simply,3230
simulating,3231
simulations,3232
since,3233
singh,3234
single,3235
sit,3236
sites,3237
sitting,3238
situations,3239
six,3240
size,3241
sized,3242
sizes,3243
sizing,3244
skill,3245
skilled,3246
skills,3247
skillsets,3248
slavery,3249
slide,3250
slightly,3251
slow,3252
slowdown,3253
slowly,3254
small,3255
smaller,3256
smart,3257
smooth,3258
smoother,3259
smoothing,3260
smoothly,3261
social,3262
society,3263
software,3264
softwares,3265
sold,3266
solid,3267
sollish,3268
solution,3269
solutions,3270
solved,3271
solvers,3272
solving,3273
something,3274
sometimes,3275
somewhat,3276
soon,3277
sophisticated,3278
sorting,3279
sound,3280
source,3281
sourced,3282
sources,3283
sourcing,3284
south,3285
space,3286
spanning,3287
spare,3288
speak,3289
special,3290
specialist,3291
specialists,3292
specialization,3293
specialized,3294
specializing,3295
specialty,3296
specific,3297
specifically,3298
specifications,3299
specifics,3300
specified,3301
speed,3302
spend,3303
spending,3304
spent,3305
spills,3306
spinning,3307
split,3308
spoiled,3309
spoken,3310
sporadic,3311
spotted,3312
spreadsheets,3313
spurred,3314
square,3315
srm,3316
st,3317
stability,3318
stable,3319
staff,3320
staffing,3321
stage,3322
stages,3323
stakeholders,3324
stand,3325
standard,3326
standardization,3327
standardizing,3328
standards,3329
standing,3330
start,3331
started,3332
starting,3333
state,3334
stated,3335
states,3336
static,3337
stations,3338
statistical,3339
statistics,3340
status,3341
stay,3342
staying,3343
steady,3344
steel,3345
steep,3346
step,3347
steps,3348
still,3349
stipulated,3350
stock,3351
stocked,3352
stocking,3353
stockouts,3354
stocks,3355
stolen,3356
stop,3357
stoppages,3358
storage,3359
store,3360
stored,3361
stores,3362
storied,3363
storing,3364
storms,3365
straight,3366
strain,3367
strategic,3368
strategically,3369
strategies,3370
strategy,3371
stream,3372
streamline,3373
streamlined,3374
streamlines,3375
streamlining,3376
street,3377
strengthen,3378
strengthens,3379
strengths,3380
stress,3381
stretching,3382
strict,3383
strides,3384
strike,3385
strive,3386
strives,3387
strong,3388
stronger,3389
structural,3390
structure,3391
structured,3392
structures,3393
students,3394
studies,3395
study,3396
stuff,3397
style,3398
sub,3399
subcontracted,3400
subject,3401
submit,3402
submitting,3403
subsequently,3404
subset,3405
substantially,3406
success,3407
successes,3408
successful,3409
successfully,3410
successive,3411
sudden,3412
suddenly,3413
suez,3414
suffer,3415
suffers,3416
sufficient,3417
suggest,3418
suggested,3419
suggests,3420
suitable,3421
suits,3422
sum,3423
summary,3424
sunil,3425
superior,3426
supermarkets,3427
supplement,3428
supplier,3429
suppliers,3430
supplies,3431
supply,3432
supplying,3433
support,3434
supporting,3435
supports,3436
supposed,3437
sure,3438
surfacing,3439
surges,3440
surplus,3441
surrounding,3442
survey,3443
surveyed,3444
surveys,3445
survival,3446
survive,3447
sustain,3448
sustainability,3449
sustainable,3450
sustainably,3451
sustained,3452
sustains,3453
sweatshop,3454
swept,3455
swift,3456
swiftly,3457
switched,3458
symbiotic,3459
symphony,3460
sync,3461
synchronising,3462
synchronization,3463
synchronized,3464
synchronizing,3465
synergism,3466
synergy,3467
system,3468
systematic,3469
systemic,3470
systems,3471
tab,3472
table,3473
tackle,3474
tactical,3475
tactics,3476
tags,3477
tailored,3478
take,3479
takeaways,3480
taken,3481
takes,3482
taking,3483
talent,3484
talk,3485
tamper,3486
tandem,3487
tangible,3488
tantalum,3489
tapers,3490
tapestry,3491
tapping,3492
target,3493
targeted,3494
targeting,3495
targets,3496
tariffs,3497
task,3498
tasked,3499
tasks,3500
taught,3501
tax,3502
taxes,3503
tbc,3504
tca,3505
team,3506
teams,3507
tech,3508
technical,3509
technique,3510
techniques,3511
technological,3512
technologies,3513
technology,3514
television,3515
tell,3516
tend,3517
tennessee,3518
tensions,3519
term,3520
terminology,3521
terms,3522
terrorism,3523
tertiary,3524
tesco,3525
test,3526
testing,3527
texas,3528
text,3529
textbooks,3530
textiles,3531
th,3532
theoretical,3533
theories,3534
theory,3535
thereby,3536
therefore,3537
thing,3538
things,3539
think,3540
thinkers,3541
thinking,3542
third,3543
thorough,3544
thoughts,3545
thread,3546
threats,3547
three,3548
thrive,3549
thriving,3550
throughout,3551
thus,3552
tie,3553
tier,3554
tiers,3555
tight,3556
tighter,3557
tightly,3558
time,3559
timeframe,3560
timelines,3561
timeliness,3562
timely,3563
times,3564
timing,3565
tin,3566
tipped,3567
tires,3568
title,3569
titled,3570
titles,3571
tms,3572
toc,3573
today,3574
together,3575
toilet,3576
tomorrow,3577
tony,3578
took,3579
tool,3580
tools,3581
top,3582
topic,3583
topics,3584
total,3585
touched,3586
touches,3587
tour,3588
toward,3589
towards,3590
toys,3591
tqm,3592
traceability,3593
traced,3594
track,3595
tracked,3596
tracking,3597
tracks,3598
trade,3599
trademark,3600
trading,3601
traditional,3602
traditionally,3603
train,3604
training,3605
trains,3606
tramarico,3607
transaction,3608
transactional,3609
transactions,3610
transcends,3611
transfer,3612
transferred,3613
transferring,3614
transform,3615
transformation,3616
transformations,3617
transformative,3618
transformed,3619
transforming,3620
transit,3621
transition,3622
transitioning,3623
transitions,3624
translated,3625
translates,3626
transmission,3627
transparency,3628
transparent,3629
transparently,3630
transport,3631
transportatio,3632
transportation,3633
transported,3634
transporters,3635
transporting,3636
treated,3637
trend,3638
trending,3639
trends,3640
tried,3641
tries,3642
trillions,3643
trim,3644
trio,3645
triple,3646
truck,3647
trucking,3648
trucks,3649
trust,3650
truth,3651
tsunami,3652
tungsten,3653
turn,3654
turned,3655
turning,3656
turnover,3657
twice,3658
twin,3659
twins,3660
two,3661
type,3662
types,3663
typical,3664
typically,3665
typology,3666
u,3667
uk,3668
ukraine,3669
ultimate,3670
ultimately,3671
ultra,3672
unanticipated,3673
unaudited,3674
unavailable,3675
uncertainty,3676
uncoordinated,3677
uncover,3678
uncovered,3679
undamaged,3680
undergo,3681
underpinning,3682
underrepresented,3683
underscores,3684
underscoring,3685
underserved,3686
understand,3687
understanding,3688
undertaken,3689
underutilizing,3690
unexpected,3691
unforeseen,3692
unified,3693
unify,3694
uninterrupted,3695
union,3696
unique,3697
unit,3698
united,3699
unitization,3700
units,3701
universidad,3702
universidade,3703
universities,3704
university,3705
unknown,3706
unlike,3707
unloading,3708
unlock,3709
unlocked,3710
unnecessarily,3711
unnecessary,3712
unpack,3713
unpacks,3714
unprecedented,3715
unpredictable,3716
unprocessed,3717
unprofitable,3718
unravel,3719
unsatisfied,3720
unsold,3721
unsourced,3722
unused,3723
unwanted,3724
update,3725
updated,3726
updates,3727
updating,3728
upfront,3729
upheaval,3730
upheld,3731
uphold,3732
upholding,3733
upholds,3734
upon,3735
upper,3736
upside,3737
upskilling,3738
upstream,3739
upward,3740
us,3741
usable,3742
usage,3743
use,3744
used,3745
useful,3746
user,3747
users,3748
uses,3749
using,3750
utilize,3751
utilizing,3752
vacuum,3753
valuable,3754
valuations,3755
value,3756
valued,3757
values,3758
van,3759
variabilities,3760
variability,3761
variation,3762
variations,3763
variety,3764
various,3765
vary,3766
varying,3767
vast,3768
ve,3769
vegetables,3770
vehicle,3771
vehicles,3772
velocity,3773
vendor,3774
vendors,3775
ventures,3776
verification,3777
verified,3778
verifies,3779
versa,3780
version,3781
versus,3782
vertical,3783
vetting,3784
vice,3785
victims,3786
vienna,3787
view,3788
viewed,3789
viewing,3790
vigilant,3791
virtual,3792
virtually,3793
vis,3794
visibility,3795
visible,3796
vision,3797
visionary,3798
visit,3799
vital,3800
vivid,3801
vlerick,3802
vmi,3803
vocabulary,3804
volatility,3805
volume,3806
volumes,3807
voluntary,3808
vs,3809
vte,3810
vulnerabilities,3811
vulnerability,3812
w,3813
wait,3814
wal,3815
wall,3816
wallenburg,3817
walls,3818
walmart,3819
want,3820
wanted,3821
war,3822
warehouse,3823
warehouses,3824
warehousing,3825
warrant,3826
warranty,3827
waste,3828
wasted,3829
water,3830
watson,3831
way,3832
ways,3833
weak,3834
wealth,3835
weather,3836
weaves,3837
web,3838
webinars,3839
welfare,3840
well,3841
western,3842
wheels,3843
whenever,3844
whereas,3845
whether,3846
whole,3847
wholesale,3848
wholesaler,3849
wholesalers,3850
whose,3851
wide,3852
widely,3853
widespread,3854
width,3855
wieland,3856
wikipedia,3857
willing,3858
window,3859
winning,3860
wip,3861
wipes,3862
wirtschaftswoche,3863
within,3864
without,3865
withstand,3866
wms,3867
wolfgang,3868
women,3869
won,3870
wording,3871
words,3872
work,3873
worked,3874
worker,3875
workers,3876
workflow,3877
workflows,3878
workforce,3879
working,3880
workings,3881
workplace,3882
works,3883
workshops,3884
world,3885
worldwide,3886
worst,3887
worthy,3888
would,3889
wright,3890
written,3891
wrong,3892
xyz,3893
year,3894
years,3895
yes,3896
yet,3897
yielded,3898
young,3899
zero,3900
zeroes,3901
zippers,3902
zones,3903
